#
# There is insufficient memory for the Java Runtime Environment to continue.
# Native memory allocation (mmap) failed to map 65536 bytes. Error detail: Failed to commit metaspace.
# Possible reasons:
#   The system is out of physical RAM or swap space
#   This process is running with CompressedOops enabled, and the Java Heap may be blocking the growth of the native heap
# Possible solutions:
#   Reduce memory load on the system
#   Increase physical memory or swap space
#   Check if swap backing store is full
#   Decrease Java heap size (-Xmx/-Xms)
#   Decrease number of Java threads
#   Decrease Java thread stack sizes (-Xss)
#   Set larger code cache with -XX:ReservedCodeCacheSize=
#   JVM is running with Unscaled Compressed Oops mode in which the Java heap is
#     placed in the first 4GB address space. The Java Heap base address is the
#     maximum limit for the native heap growth. Please use -XX:HeapBaseMinAddress
#     to set the Java Heap base and to place the Java Heap above 4GB virtual address.
# This output file may be truncated or incomplete.
#
#  Out of Memory Error (virtualSpaceNode.cpp:113), pid=21004, tid=17820
#
# JRE version: OpenJDK Runtime Environment Temurin-21.0.10+7 (21.0.10+7) (build 21.0.10+7-LTS)
# Java VM: OpenJDK 64-Bit Server VM Temurin-21.0.10+7 (21.0.10+7-LTS, mixed mode, sharing, tiered, compressed oops, compressed class ptrs, parallel gc, windows-amd64)
# No core dump will be written. Minidumps are not enabled by default on client versions of Windows
#

---------------  S U M M A R Y ------------

Command Line: --add-modules=ALL-SYSTEM --add-opens=java.base/java.util=ALL-UNNAMED --add-opens=java.base/java.lang=ALL-UNNAMED --add-opens=java.base/sun.nio.fs=ALL-UNNAMED -Declipse.application=org.eclipse.jdt.ls.core.id1 -Dosgi.bundles.defaultStartLevel=4 -Declipse.product=org.eclipse.jdt.ls.core.product -Djava.import.generatesMetadataFilesAtProjectRoot=false -DDetectVMInstallationsJob.disabled=true -Dfile.encoding=utf8 -XX:+UseParallelGC -XX:GCTimeRatio=4 -XX:AdaptiveSizePolicyWeight=90 -Dsun.zip.disableMemoryMapping=true -Xmx2G -Xms100m -Xlog:disable -javaagent:c:\Users\Purva\.vscode\extensions\redhat.java-1.54.0-win32-x64\lombok\lombok-1.18.39-4050.jar -XX:+HeapDumpOnOutOfMemoryError -XX:HeapDumpPath=c:\Users\Purva\AppData\Roaming\Code\User\workspaceStorage\3365d4dc88d67bdd00b2d8a6de014e21\redhat.java -Daether.dependencyCollector.impl=bf c:\Users\Purva\.vscode\extensions\redhat.java-1.54.0-win32-x64\server\plugins\org.eclipse.equinox.launcher_1.7.100.v20251111-0406.jar -configuration c:\Users\Purva\AppData\Roaming\Code\User\globalStorage\redhat.java\1.54.0\config_win -data c:\Users\Purva\AppData\Roaming\Code\User\workspaceStorage\3365d4dc88d67bdd00b2d8a6de014e21\redhat.java\jdt_ws --pipe=\\.\pipe\lsp-1b7a8ba3f971b7731033e3fab4774dde-sock

Host: Intel(R) Core(TM) i7-7500U CPU @ 2.70GHz, 4 cores, 7G,  Windows 10 , 64 bit Build 19041 (10.0.19041.5915)
Time: Sat Apr 25 14:17:28 2026 India Standard Time elapsed time: 5.089952 seconds (0d 0h 0m 5s)

---------------  T H R E A D  ---------------

Current thread (0x000002bcfe780690):  JavaThread "Refresh Thread: Equinox Container: afd2e952-4b12-4e8e-991c-74d4c5240d99" daemon [_thread_in_vm, id=17820, stack(0x000000c098100000,0x000000c098200000) (1024K)]

Stack: [0x000000c098100000,0x000000c098200000]
Native frames: (J=compiled Java code, j=interpreted, Vv=VM code, C=native code)
V  [jvm.dll+0x6d7a39]
V  [jvm.dll+0x8b4b26]
V  [jvm.dll+0x8b70de]
V  [jvm.dll+0x8b77c3]
V  [jvm.dll+0x284346]
V  [jvm.dll+0x8b086e]
V  [jvm.dll+0x679444]
V  [jvm.dll+0x1e82bb]
V  [jvm.dll+0x1e807e]
V  [jvm.dll+0x67bd42]
V  [jvm.dll+0x67bb72]
V  [jvm.dll+0x679e1e]
V  [jvm.dll+0x26f614]
V  [jvm.dll+0x219f3f]
V  [jvm.dll+0x20f62e]
V  [jvm.dll+0x5b644f]
V  [jvm.dll+0x82ead6]
V  [jvm.dll+0x478db8]
V  [jvm.dll+0x47ebe8]
C  [java.dll+0x17ec]

Java frames: (J=compiled Java code, j=interpreted, Vv=VM code)
J 1127  java.lang.ClassLoader.defineClass1(Ljava/lang/ClassLoader;Ljava/lang/String;[BIILjava/security/ProtectionDomain;Ljava/lang/String;)Ljava/lang/Class; java.base@21.0.10 (0 bytes) @ 0x000002bced342011 [0x000002bced341f40+0x00000000000000d1]
j  java.lang.ClassLoader.defineClass(Ljava/lang/String;[BIILjava/security/ProtectionDomain;)Ljava/lang/Class;+27 java.base@21.0.10
j  java.security.SecureClassLoader.defineClass(Ljava/lang/String;[BIILjava/security/CodeSource;)Ljava/lang/Class;+12 java.base@21.0.10
J 1756 c1 java.net.URLClassLoader.defineClass(Ljava/lang/String;Ljdk/internal/loader/Resource;)Ljava/lang/Class; java.base@21.0.10 (224 bytes) @ 0x000002bce5b15c34 [0x000002bce5b14500+0x0000000000001734]
J 1645 c1 java.net.URLClassLoader$1.run()Ljava/lang/Class; java.base@21.0.10 (81 bytes) @ 0x000002bce5acf27c [0x000002bce5ace640+0x0000000000000c3c]
J 1644 c1 java.net.URLClassLoader$1.run()Ljava/lang/Object; java.base@21.0.10 (5 bytes) @ 0x000002bce5ace0d4 [0x000002bce5ace040+0x0000000000000094]
J 1616 c1 java.security.AccessController.doPrivileged(Ljava/security/PrivilegedExceptionAction;Ljava/security/AccessControlContext;)Ljava/lang/Object; java.base@21.0.10 (26 bytes) @ 0x000002bce5ac4d0c [0x000002bce5ac4b20+0x00000000000001ec]
J 1643 c1 java.net.URLClassLoader.findClass(Ljava/lang/String;)Ljava/lang/Class; java.base@21.0.10 (47 bytes) @ 0x000002bce5acd784 [0x000002bce5acd600+0x0000000000000184]
J 1668 c1 java.lang.ClassLoader.loadClass(Ljava/lang/String;Z)Ljava/lang/Class; java.base@21.0.10 (121 bytes) @ 0x000002bce5ada82c [0x000002bce5ada260+0x00000000000005cc]
J 1021 c1 java.lang.ClassLoader.loadClass(Ljava/lang/String;)Ljava/lang/Class; java.base@21.0.10 (7 bytes) @ 0x000002bce5992bd4 [0x000002bce5992ac0+0x0000000000000114]
v  ~StubRoutines::call_stub 0x000002bcecd3100d
j  org.apache.felix.resolver.ResolverImpl.getInitialCandidates(Lorg/apache/felix/resolver/ResolveSession;)V+178
j  org.apache.felix.resolver.ResolverImpl.doResolve(Lorg/apache/felix/resolver/ResolveSession;)Ljava/util/Map;+12
j  org.apache.felix.resolver.ResolverImpl.resolve(Lorg/osgi/service/resolver/ResolveContext;Ljava/util/concurrent/Executor;)Ljava/util/Map;+15
j  org.apache.felix.resolver.ResolverImpl.resolve(Lorg/osgi/service/resolver/ResolveContext;)Ljava/util/Map;+13
j  org.eclipse.osgi.container.ModuleResolver$ResolveProcess.resolveRevisions(Ljava/util/List;ZLorg/eclipse/osgi/container/ModuleResolver$ResolveProcess$ResolveLogger;Ljava/util/Map;)V+46
j  org.eclipse.osgi.container.ModuleResolver$ResolveProcess.resolveRevisionsInBatch(Ljava/util/Collection;ZLorg/eclipse/osgi/container/ModuleResolver$ResolveProcess$ResolveLogger;Ljava/util/Map;)V+253
j  org.eclipse.osgi.container.ModuleResolver$ResolveProcess.resolve()Lorg/eclipse/osgi/container/ModuleResolutionReport;+307
j  org.eclipse.osgi.container.ModuleResolver.resolveDelta(Ljava/util/Collection;ZLjava/util/Collection;Ljava/util/Map;Lorg/eclipse/osgi/container/ModuleDatabase;)Lorg/eclipse/osgi/container/ModuleResolutionReport;+19
j  org.eclipse.osgi.container.ModuleContainer.resolveAndApply(Ljava/util/Collection;ZZLorg/eclipse/osgi/container/ModuleContainer$ResolutionLock$Permits;)Lorg/eclipse/osgi/report/resolution/ResolutionReport;+256
j  org.eclipse.osgi.container.ModuleContainer.resolve(Ljava/util/Collection;ZZ)Lorg/eclipse/osgi/report/resolution/ResolutionReport;+63
j  org.eclipse.osgi.container.ModuleContainer.refresh(Ljava/util/Collection;)Lorg/eclipse/osgi/report/resolution/ResolutionReport;+34
j  org.eclipse.osgi.container.ModuleContainer$ContainerWiring.dispatchEvent(Lorg/eclipse/osgi/container/ModuleContainer$ContainerWiring;[Lorg/osgi/framework/FrameworkListener;ILjava/util/Collection;)V+6
j  org.eclipse.osgi.container.ModuleContainer$ContainerWiring.dispatchEvent(Ljava/lang/Object;Ljava/lang/Object;ILjava/lang/Object;)V+15
j  org.eclipse.osgi.framework.eventmgr.EventManager.dispatchEvent(Ljava/util/Set;Lorg/eclipse/osgi/framework/eventmgr/EventDispatcher;ILjava/lang/Object;)V+48
j  org.eclipse.osgi.framework.eventmgr.EventManager$EventThread.run()V+26
v  ~StubRoutines::call_stub 0x000002bcecd3100d

Compiled method (n/a) 5132 1127     n 0       java.lang.ClassLoader::defineClass1 (native)
 total in heap  [0x000002bced341d90,0x000002bced342218] = 1160
 relocation     [0x000002bced341ef0,0x000002bced341f28] = 56
 main code      [0x000002bced341f40,0x000002bced342216] = 726
 stub code      [0x000002bced342216,0x000002bced342218] = 2

[Constant Pool (empty)]

[MachCode]
[Entry Point]
  # {method} {0x000002bc80434f58} 'defineClass1' '(Ljava/lang/ClassLoader;Ljava/lang/String;[BIILjava/security/ProtectionDomain;Ljava/lang/String;)Ljava/lang/Class;' in 'java/lang/ClassLoader'
  # parm0:    rdx:rdx   = 'java/lang/ClassLoader'
  # parm1:    r8:r8     = 'java/lang/String'
  # parm2:    r9:r9     = '[B'
  # parm3:    rdi       = int
  # parm4:    rsi       = int
  # parm5:    rcx:rcx   = 'java/security/ProtectionDomain'
  # parm6:    [sp+0xa0]   = 'java/lang/String'  (sp of caller)
  0x000002bced341f40: 448b 5208 | 49bb 0000 | 0080 bc02 | 0000 4d03 | d349 3bc2 | 0f84 0600 

  0x000002bced341f58: ;   {runtime_call ic_miss_stub}
  0x000002bced341f58: 0000 e921 | c5a3 ff90 
[Verified Entry Point]
  0x000002bced341f60: 8984 2400 | 80ff ff55 | 488b ec48 | 81ec 9000 | 0000 6690 | 4181 7f20 | 0100 0000 

  0x000002bced341f7c: ;   {runtime_call StubRoutines (final stubs)}
  0x000002bced341f7c: 7405 e85d | 6aa2 ff48 | 837d 1000 | 488d 4510 | 480f 4445 | 1048 8944 | 2440 4889 | 4c24 7048 
  0x000002bced341f9c: 83f9 0048 | 8d44 2470 | 480f 4444 | 2470 4889 | 4424 3848 | 8974 2430 | 4889 7c24 | 284c 894c 
  0x000002bced341fbc: 2458 4983 | f900 488d | 4424 5848 | 0f44 4424 | 5848 8944 | 2420 4c89 | 4424 5049 | 83f8 004c 
  0x000002bced341fdc: 8d4c 2450 | 4c0f 444c | 2450 4889 | 5424 4848 | 83fa 004c | 8d44 2448 | 4c0f 4444 

  0x000002bced341ff8: ;   {oop(a 'java/lang/Class'{0x00000000d7310070} = 'java/lang/ClassLoader')}
  0x000002bced341ff8: 2448 49be | 7000 31d7 | 0000 0000 | 4c89 7424 | 784c 8d74 | 2478 498b | d6c5 f877 

  0x000002bced342014: ;   {internal_word}
  0x000002bced342014: 49ba 1120 | 34ed bc02 | 0000 4d89 | 97a8 0300 | 0049 89a7 | a003 0000 

  0x000002bced34202c: ;   {external_word}
  0x000002bced34202c: 49ba c65c | 8087 f97f | 0000 4180 | 3a00 0f84 | 4e00 0000 | 5241 5041 

  0x000002bced342044: ;   {metadata({method} {0x000002bc80434f58} 'defineClass1' '(Ljava/lang/ClassLoader;Ljava/lang/String;[BIILjava/security/ProtectionDomain;Ljava/lang/String;)Ljava/lang/Class;' in 'java/lang/ClassLoader')}
  0x000002bced342044: 5148 ba50 | 4f43 80bc | 0200 0049 | 8bcf 4883 | ec20 40f6 | c40f 0f84 | 1900 0000 | 4883 ec08 
  0x000002bced342064: ;   {runtime_call}
  0x000002bced342064: 48b8 50e1 | 2987 f97f | 0000 ffd0 | 4883 c408 | e90c 0000 

  0x000002bced342078: ;   {runtime_call}
  0x000002bced342078: 0048 b850 | e129 87f9 | 7f00 00ff | d048 83c4 | 2041 5941 | 585a 498d | 8fc0 0300 | 0041 c787 
  0x000002bced342098: 4c04 0000 | 0400 0000 

  0x000002bced3420a0: ;   {runtime_call}
  0x000002bced3420a0: 48b8 ac16 | c1b9 f97f | 0000 ffd0 | c5f8 7741 | c787 4c04 | 0000 0500 | 0000 f083 | 4424 c000 
  0x000002bced3420c0: 493b af50 | 0400 000f | 870e 0000 | 0041 83bf | 4804 0000 | 000f 842b | 0000 00c5 | f877 4889 
  0x000002bced3420e0: 45f8 498b | cf4c 8be4 | 4883 ec20 | 4883 e4f0 

  0x000002bced3420f0: ;   {runtime_call}
  0x000002bced3420f0: 48b8 d052 | f586 f97f | 0000 ffd0 | 498b e44d | 33e4 488b | 45f8 41c7 | 874c 0400 | 0008 0000 
  0x000002bced342110: 0041 83bf | c804 0000 | 020f 84ca 

  0x000002bced34211c: ;   {external_word}
  0x000002bced34211c: 0000 0049 | bac6 5c80 | 87f9 7f00 | 0041 803a | 000f 844c | 0000 0048 

  0x000002bced342134: ;   {metadata({method} {0x000002bc80434f58} 'defineClass1' '(Ljava/lang/ClassLoader;Ljava/lang/String;[BIILjava/security/ProtectionDomain;Ljava/lang/String;)Ljava/lang/Class;' in 'java/lang/ClassLoader')}
  0x000002bced342134: 8945 f848 | ba50 4f43 | 80bc 0200 | 0049 8bcf | 4883 ec20 | 40f6 c40f | 0f84 1900 | 0000 4883 
  0x000002bced342154: ;   {runtime_call}
  0x000002bced342154: ec08 48b8 | 50e1 2987 | f97f 0000 | ffd0 4883 | c408 e90c 

  0x000002bced342168: ;   {runtime_call}
  0x000002bced342168: 0000 0048 | b850 e129 | 87f9 7f00 | 00ff d048 | 83c4 2048 | 8b45 f849 | c787 a003 | 0000 0000 
  0x000002bced342188: 0000 49c7 | 87a8 0300 | 0000 0000 | 00c5 f877 | 4885 c00f | 8425 0000 | 00a8 030f | 8508 0000 
  0x000002bced3421a8: 0048 8b00 | e915 0000 | 00a8 010f | 8509 0000 | 0048 8b40 | fee9 0400 | 0000 488b | 40ff 498b 
  0x000002bced3421c8: 8f30 0400 | 00c7 8100 | 0100 0000 | 0000 00c9 | 4983 7f08 | 000f 8501 | 0000 00c3 

  0x000002bced3421e4: ;   {runtime_call StubRoutines (initial stubs)}
  0x000002bced3421e4: e917 ed9e | ffc5 f877 | 4889 45f8 | 4c8b e448 | 83ec 2048 

  0x000002bced3421f8: ;   {runtime_call}
  0x000002bced3421f8: 83e4 f048 | b8a0 182a | 87f9 7f00 | 00ff d049 | 8be4 4d33 | e448 8b45 | f8e9 09ff | ffff f4f4 
[/MachCode]


Compiled method (c1) 5147 1756   !   3       java.net.URLClassLoader::defineClass (224 bytes)
 total in heap  [0x000002bce5b14010,0x000002bce5b17658] = 13896
 relocation     [0x000002bce5b14170,0x000002bce5b144f8] = 904
 main code      [0x000002bce5b14500,0x000002bce5b16510] = 8208
 stub code      [0x000002bce5b16510,0x000002bce5b166f0] = 480
 oops           [0x000002bce5b166f0,0x000002bce5b16700] = 16
 metadata       [0x000002bce5b16700,0x000002bce5b16848] = 328
 scopes data    [0x000002bce5b16848,0x000002bce5b16ec8] = 1664
 scopes pcs     [0x000002bce5b16ec8,0x000002bce5b17428] = 1376
 dependencies   [0x000002bce5b17428,0x000002bce5b17498] = 112
 handler table  [0x000002bce5b17498,0x000002bce5b175d0] = 312
 nul chk table  [0x000002bce5b175d0,0x000002bce5b17658] = 136

[Constant Pool (empty)]

[MachCode]
[Entry Point]
  # {method} {0x000002bcfa0a6480} 'defineClass' '(Ljava/lang/String;Ljdk/internal/loader/Resource;)Ljava/lang/Class;' in 'java/net/URLClassLoader'
  # this:     rdx:rdx   = 'java/net/URLClassLoader'
  # parm0:    r8:r8     = 'java/lang/String'
  # parm1:    r9:r9     = 'jdk/internal/loader/Resource'
  #           [sp+0x180]  (sp of caller)
  0x000002bce5b14500: 448b 5208 | 49bb 0000 | 0080 bc02 | 0000 4d03 | d34c 3bd0 

  0x000002bce5b14514: ;   {runtime_call ic_miss_stub}
  0x000002bce5b14514: 0f85 669f | 2607 660f | 1f44 0000 
[Verified Entry Point]
  0x000002bce5b14520: 8984 2400 | 80ff ff55 | 4881 ec70 | 0100 0090 | 4181 7f20 | 0100 0000 

  0x000002bce5b14538: ;   {runtime_call StubRoutines (final stubs)}
  0x000002bce5b14538: 7405 e8a1 | 4425 0748 | 8994 24e8 | 0000 004c | 8984 24d8 | 0000 004c | 898c 24e0 

  0x000002bce5b14554: ;   {metadata(method data for {method} {0x000002bcfa0a6480} 'defineClass' '(Ljava/lang/String;Ljdk/internal/loader/Resource;)Ljava/lang/Class;' in 'java/net/URLClassLoader')}
  0x000002bce5b14554: 0000 0048 | bee0 dc3b | fabc 0200 | 008b becc | 0000 0083 | c702 89be | cc00 0000 | 81e7 fe07 
  0x000002bce5b14574: 0000 85ff | 0f84 bb1a 

  0x000002bce5b1457c: ;   {metadata(method data for {method} {0x000002bcfa0a6480} 'defineClass' '(Ljava/lang/String;Ljdk/internal/loader/Resource;)Ljava/lang/Class;' in 'java/net/URLClassLoader')}
  0x000002bce5b1457c: 0000 48be | e0dc 3bfa | bc02 0000 | 4883 8610 | 0100 0001 

  0x000002bce5b14590: ;   {runtime_call}
  0x000002bce5b14590: 48b8 2027 | 2387 f97f | 0000 ffd0 

  0x000002bce5b1459c: ;   {other}
  0x000002bce5b1459c: 0f1f 8400 | 0000 0000 | 4889 8424 | f000 0000 | 4c8b 8424 | d800 0000 

  0x000002bce5b145b4: ; implicit exception: dispatches to 0x000002bce5b1605a
  0x000002bce5b145b4: 493b 0049 

  0x000002bce5b145b8: ;   {metadata(method data for {method} {0x000002bcfa0a6480} 'defineClass' '(Ljava/lang/String;Ljdk/internal/loader/Resource;)Ljava/lang/Class;' in 'java/net/URLClassLoader')}
  0x000002bce5b145b8: 8bc8 48ba | e0dc 3bfa | bc02 0000 | 4883 8220 | 0100 0001 

  0x000002bce5b145cc: ;   {metadata(method data for {method} {0x000002bc80453d30} 'lastIndexOf' '(I)I' in 'java/lang/String')}
  0x000002bce5b145cc: 48b9 4073 | 05fa bc02 | 0000 8b91 | cc00 0000 | 83c2 0289 | 91cc 0000 | 0081 e2fe | ff1f 0085 
  0x000002bce5b145ec: d20f 846c | 1a00 0049 

  0x000002bce5b145f4: ;   {metadata(method data for {method} {0x000002bc80453d30} 'lastIndexOf' '(I)I' in 'java/lang/String')}
  0x000002bce5b145f4: 8bc8 48ba | 4073 05fa | bc02 0000 | 4883 8210 | 0100 0001 

  0x000002bce5b14608: ;   {metadata(method data for {method} {0x000002bc8000ee90} 'length' '()I' in 'java/lang/String')}
  0x000002bce5b14608: 48b9 a000 | 01fa bc02 | 0000 8b91 | cc00 0000 | 83c2 0289 | 91cc 0000 | 0081 e2fe | ff1f 0085 
  0x000002bce5b14628: d20f 8451 | 1a00 0041 | 8b70 148b | 560c 498b 

  0x000002bce5b14638: ;   {metadata(method data for {method} {0x000002bc8000ee90} 'length' '()I' in 'java/lang/String')}
  0x000002bce5b14638: c849 b9a0 | 0001 fabc | 0200 0049 | 8381 1001 

  0x000002bce5b14648: ;   {metadata(method data for {method} {0x000002bc80455018} 'coder' '()B' in 'java/lang/String')}
  0x000002bce5b14648: 0000 0148 | b928 ff00 | fabc 0200 | 0044 8b89 | cc00 0000 | 4183 c102 | 4489 89cc | 0000 0041 
  0x000002bce5b14668: 81e1 feff | 1f00 4585 | c90f 842f 

  0x000002bce5b14674: ;   {metadata(method data for {method} {0x000002bc80455018} 'coder' '()B' in 'java/lang/String')}
  0x000002bce5b14674: 1a00 0048 | b928 ff00 | fabc 0200 | 00ff 8120 | 0100 0045 | 0fbe 4810 

  0x000002bce5b1468c: ;   {metadata(method data for {method} {0x000002bc80455018} 'coder' '()B' in 'java/lang/String')}
  0x000002bce5b1468c: 48b9 28ff | 00fa bc02 | 0000 ff81 | 3001 0000 | 498b c9c1 | e118 c1f9 | 18d3 fa48 | 8bfa ffcf 
  0x000002bce5b146ac: ;   {metadata(method data for {method} {0x000002bc80453d30} 'lastIndexOf' '(I)I' in 'java/lang/String')}
  0x000002bce5b146ac: 498b d048 | bb40 7305 | fabc 0200 | 0048 8383 | 4801 0000 

  0x000002bce5b146c0: ;   {metadata(method data for {method} {0x000002bc80453c80} 'lastIndexOf' '(II)I' in 'java/lang/String')}
  0x000002bce5b146c0: 0148 ba08 | 7505 fabc | 0200 008b | 9acc 0000 | 0083 c302 | 899a cc00 | 0000 81e3 | feff 1f00 
  0x000002bce5b146e0: 85db 0f84 | df19 0000 

  0x000002bce5b146e8: ;   {metadata(method data for {method} {0x000002bc80453c80} 'lastIndexOf' '(II)I' in 'java/lang/String')}
  0x000002bce5b146e8: 498b d048 | bb08 7505 | fabc 0200 | 0048 8383 | 1001 0000 

  0x000002bce5b146fc: ;   {metadata(method data for {method} {0x000002bc80454410} 'isLatin1' '()Z' in 'java/lang/String')}
  0x000002bce5b146fc: 0148 ba68 | 8b00 fabc | 0200 008b | 9acc 0000 | 0083 c302 | 899a cc00 | 0000 81e3 | feff 1f00 
  0x000002bce5b1471c: 85db 0f84 | c419 0000 

  0x000002bce5b14724: ;   {metadata(method data for {method} {0x000002bc80454410} 'isLatin1' '()Z' in 'java/lang/String')}
  0x000002bce5b14724: 48ba 688b | 00fa bc02 | 0000 ff82 | 2001 0000 

  0x000002bce5b14734: ;   {metadata(method data for {method} {0x000002bc80454410} 'isLatin1' '()Z' in 'java/lang/String')}
  0x000002bce5b14734: 4585 c948 | ba68 8b00 | fabc 0200 | 0049 c7c1 | 3001 0000 | 7507 49c7 | c140 0100 | 004a 8b1c 
  0x000002bce5b14754: 0a48 8d5b | 014a 891c | 0a0f 851a 

  0x000002bce5b14760: ;   {metadata(method data for {method} {0x000002bc80454410} 'isLatin1' '()Z' in 'java/lang/String')}
  0x000002bce5b14760: 0000 0048 | ba68 8b00 | fabc 0200 | 00ff 8250 | 0100 00ba | 0100 0000 | e905 0000 | 00ba 0000 
  0x000002bce5b14780: 0000 83e2 

  0x000002bce5b14784: ;   {metadata(method data for {method} {0x000002bc80453c80} 'lastIndexOf' '(II)I' in 'java/lang/String')}
  0x000002bce5b14784: 0185 d248 | ba08 7505 | fabc 0200 | 0049 c7c1 | 4801 0000 | 7407 49c7 | c158 0100 | 004a 8b1c 
  0x000002bce5b147a4: 0a48 8d5b | 014a 891c | 0a0f 8446 

  0x000002bce5b147b0: ;   {metadata(method data for {method} {0x000002bc80453c80} 'lastIndexOf' '(II)I' in 'java/lang/String')}
  0x000002bce5b147b0: 0000 0048 | ba08 7505 | fabc 0200 | 0048 8382 | 6801 0000 | 0148 8bd6 | 41b8 2e00 | 0000 4c8b 
  0x000002bce5b147d0: cf66 0f1f 

  0x000002bce5b147d4: ;   {static_call}
  0x000002bce5b147d4: 4400 00e8 

  0x000002bce5b147d8: ; ImmutableOopMap {[216]=Oop [224]=Oop [232]=Oop }
                      ;*invokestatic lastIndexOf {reexecute=0 rethrow=0 return_oop=0}
                      ; - java.lang.String::lastIndexOf@13
                      ; - java.lang.String::lastIndexOf@8
                      ; - java.net.URLClassLoader::defineClass@7
  0x000002bce5b147d8: c46a 7f07 

  0x000002bce5b147dc: ;   {other}
  0x000002bce5b147dc: 0f1f 8400 | cc07 0000 

  0x000002bce5b147e4: ;   {metadata(method data for {method} {0x000002bc80453c80} 'lastIndexOf' '(II)I' in 'java/lang/String')}
  0x000002bce5b147e4: 48ba 0875 | 05fa bc02 | 0000 ff82 | 7801 0000 | e92b 0000 

  0x000002bce5b147f8: ;   {metadata(method data for {method} {0x000002bc80453c80} 'lastIndexOf' '(II)I' in 'java/lang/String')}
  0x000002bce5b147f8: 0048 ba08 | 7505 fabc | 0200 0048 | 8382 9001 | 0000 0148 | 8bd6 41b8 | 2e00 0000 

  0x000002bce5b14814: ;   {static_call}
  0x000002bce5b14814: 4c8b cfe8 

  0x000002bce5b14818: ; ImmutableOopMap {[216]=Oop [224]=Oop [232]=Oop }
                      ;*invokestatic lastIndexOf {reexecute=0 rethrow=0 return_oop=0}
                      ; - java.lang.String::lastIndexOf@25
                      ; - java.lang.String::lastIndexOf@8
                      ; - java.net.URLClassLoader::defineClass@7
  0x000002bce5b14818: 64a5 2607 

  0x000002bce5b1481c: ;   {other}
  0x000002bce5b1481c: 0f1f 8400 | 0c08 0001 | 4c8b 8c24 | e000 0000 

  0x000002bce5b1482c: ; implicit exception: dispatches to 0x000002bce5b16109
  0x000002bce5b1482c: 493b 014d 

  0x000002bce5b14830: ;   {metadata(method data for {method} {0x000002bcfa0a6480} 'defineClass' '(Ljava/lang/String;Ljdk/internal/loader/Resource;)Ljava/lang/Class;' in 'java/net/URLClassLoader')}
  0x000002bce5b14830: 8bc1 48ba | e0dc 3bfa | bc02 0000 | 4883 8270 | 0100 0001 

  0x000002bce5b14844: ;   {metadata(method data for {method} {0x000002bc80212970} 'getCodeSourceURL' '()Ljava/net/URL;' in 'jdk/internal/loader/URLClassPath$JarLoader$2')}
  0x000002bce5b14844: 49b8 f0ba | 39fa bc02 | 0000 418b | 90cc 0000 | 0083 c202 | 4189 90cc | 0000 0081 | e2fe ff1f 
  0x000002bce5b14864: 0085 d20f | 84a1 1800 | 0045 8b41 | 2041 8b70 | 1c48 89b4 | 24f8 0000 | 0083 f8ff 

  0x000002bce5b14880: ;   {metadata(method data for {method} {0x000002bcfa0a6480} 'defineClass' '(Ljava/lang/String;Ljdk/internal/loader/Resource;)Ljava/lang/Class;' in 'java/net/URLClassLoader')}
  0x000002bce5b14880: 49b8 e0dc | 3bfa bc02 | 0000 48c7 | c290 0100 | 0074 0748 | c7c2 a001 | 0000 498b | 3c10 488d 
  0x000002bce5b148a0: 7f01 4989 | 3c10 0f84 | a708 0000 | 4c8b 8424 | d800 0000 

  0x000002bce5b148b4: ;   {metadata(method data for {method} {0x000002bcfa0a6480} 'defineClass' '(Ljava/lang/String;Ljdk/internal/loader/Resource;)Ljava/lang/Class;' in 'java/net/URLClassLoader')}
  0x000002bce5b148b4: 48ba e0dc | 3bfa bc02 | 0000 4883 | 82b0 0100 | 0001 41b8 | 0000 0000 | 4c8b c848 | 8b94 24d8 
  0x000002bce5b148d4: ;   {optimized virtual_call}
  0x000002bce5b148d4: 0000 00e8 

  0x000002bce5b148d8: ; ImmutableOopMap {[216]=Oop [224]=Oop [232]=Oop [248]=Oop }
                      ;*invokevirtual substring {reexecute=0 rethrow=0 return_oop=0}
                      ; - java.net.URLClassLoader::defineClass@28
  0x000002bce5b148d8: 2464 8107 

  0x000002bce5b148dc: ;   {other}
  0x000002bce5b148dc: 0f1f 8400 | cc08 0002 | 4889 8424 | 0001 0000 | 4c8b 8c24 | e000 0000 

  0x000002bce5b148f4: ;   {metadata(method data for {method} {0x000002bcfa0a6480} 'defineClass' '(Ljava/lang/String;Ljdk/internal/loader/Resource;)Ljava/lang/Class;' in 'java/net/URLClassLoader')}
  0x000002bce5b148f4: 48be e0dc | 3bfa bc02 | 0000 4883 | 8600 0200 

  0x000002bce5b14904: ;   {metadata(method data for {method} {0x000002bc802129c8} 'getManifest' '()Ljava/util/jar/Manifest;' in 'jdk/internal/loader/URLClassPath$JarLoader$2')}
  0x000002bce5b14904: 0001 48be | 30bc 39fa | bc02 0000 | 8bbe cc00 | 0000 83c7 | 0289 becc | 0000 0081 | e7fe ff1f 
  0x000002bce5b14924: 0085 ff0f | 8407 1800 

  0x000002bce5b1492c: ;   {metadata(method data for {method} {0x000002bc802129c8} 'getManifest' '()Ljava/util/jar/Manifest;' in 'jdk/internal/loader/URLClassPath$JarLoader$2')}
  0x000002bce5b1492c: 0048 be30 | bc39 fabc | 0200 0048 | 8386 1001 

  0x000002bce5b1493c: ;   {metadata(method data for {method} {0x000002bc80473d98} 'javaUtilJarAccess' '()Ljdk/internal/access/JavaUtilJarAccess;' in 'jdk/internal/access/SharedSecrets')}
  0x000002bce5b1493c: 0000 0148 | bed0 0032 | fabc 0200 | 008b becc | 0000 0083 | c702 89be | cc00 0000 | 81e7 feff 
  0x000002bce5b1495c: 1f00 85ff | 0f84 ef17 

  0x000002bce5b14964: ;   {oop(a 'java/lang/Class'{0x0000000080000560} = 'jdk/internal/access/SharedSecrets')}
  0x000002bce5b14964: 0000 48be | 6005 0080 | 0000 0000 | 8bb6 d400 | 0000 4885 

  0x000002bce5b14978: ;   {metadata(method data for {method} {0x000002bc80473d98} 'javaUtilJarAccess' '()Ljdk/internal/access/JavaUtilJarAccess;' in 'jdk/internal/access/SharedSecrets')}
  0x000002bce5b14978: f648 bfd0 | 0032 fabc | 0200 0048 | c7c3 1001 | 0000 7507 | 48c7 c320 | 0100 0048 | 8b14 1f48 
  0x000002bce5b14998: 8d52 0148 | 8914 1f0f | 857d 0200 

  0x000002bce5b149a4: ;   {metadata(method data for {method} {0x000002bc80473d98} 'javaUtilJarAccess' '()Ljdk/internal/access/JavaUtilJarAccess;' in 'jdk/internal/access/SharedSecrets')}
  0x000002bce5b149a4: 0048 bed0 | 0032 fabc | 0200 0048 | 8386 3001 

  0x000002bce5b149b4: ;   {metadata(method data for {method} {0x000002bc80474058} 'ensureClassInitialized' '(Ljava/lang/Class;)V' in 'jdk/internal/access/SharedSecrets')}
  0x000002bce5b149b4: 0000 0148 | be48 0232 | fabc 0200 | 008b becc | 0000 0083 | c702 89be | cc00 0000 | 81e7 feff 
  0x000002bce5b149d4: 1f00 85ff | 0f84 9817 

  0x000002bce5b149dc: ;   {metadata(method data for {method} {0x000002bc80474058} 'ensureClassInitialized' '(Ljava/lang/Class;)V' in 'jdk/internal/access/SharedSecrets')}
  0x000002bce5b149dc: 0000 48be | 4802 32fa | bc02 0000 | 4883 8610 | 0100 0001 

  0x000002bce5b149f0: ;   {metadata(method data for {method} {0x000002bc803f0a98} 'lookup' '()Ljava/lang/invoke/MethodHandles$Lookup;' in 'java/lang/invoke/MethodHandles')}
  0x000002bce5b149f0: 48be f803 | 32fa bc02 | 0000 8bbe | cc00 0000 | 83c7 0289 | becc 0000 | 0081 e7fe | ff1f 0085 
  0x000002bce5b14a10: ff0f 8480 

  0x000002bce5b14a14: ;   {metadata(method data for {method} {0x000002bc803f0a98} 'lookup' '()Ljava/lang/invoke/MethodHandles$Lookup;' in 'java/lang/invoke/MethodHandles')}
  0x000002bce5b14a14: 1700 0048 | bef8 0332 | fabc 0200 | 0048 8386 | 1001 0000 | 0166 0f1f 

  0x000002bce5b14a2c: ;   {static_call}
  0x000002bce5b14a2c: 4400 00e8 

  0x000002bce5b14a30: ; ImmutableOopMap {[216]=Oop [224]=Oop [232]=Oop [248]=Oop [256]=Oop }
                      ;*invokestatic getCallerClass {reexecute=0 rethrow=0 return_oop=0}
                      ; - java.lang.invoke.MethodHandles::lookup@0
                      ; - jdk.internal.access.SharedSecrets::ensureClassInitialized@0
                      ; - jdk.internal.access.SharedSecrets::javaUtilJarAccess@10
                      ; - jdk.internal.loader.URLClassPath$JarLoader$2::getManifest@0
                      ; - java.net.URLClassLoader::defineClass@34
  0x000002bce5b14a30: 4ca3 2607 

  0x000002bce5b14a34: ;   {other}
  0x000002bce5b14a34: 0f1f 8400 | 240a 0003 | 4c8b c04d 

  0x000002bce5b14a40: ;   {metadata(method data for {method} {0x000002bc803f0a98} 'lookup' '()Ljava/lang/invoke/MethodHandles$Lookup;' in 'java/lang/invoke/MethodHandles')}
  0x000002bce5b14a40: 85c0 48ba | f803 32fa | bc02 0000 | 48c7 c630 | 0100 0074 | 0748 c7c6 | 2001 0000 | 488b 3c32 
  0x000002bce5b14a60: 488d 7f01 | 4889 3c32 | 0f84 1b01 

  0x000002bce5b14a6c: ;   {metadata('java/lang/invoke/MethodHandles$Lookup')}
  0x000002bce5b14a6c: 0000 48ba | 3034 0980 | bc02 0000 | 498b 87b8 | 0100 0048 | 8d78 2049 | 3bbf c801 | 0000 0f87 
  0x000002bce5b14a8c: 2817 0000 | 4989 bfb8 | 0100 0048 | c700 0100 | 0000 488b | ca49 ba00 | 0000 80bc | 0200 0049 
  0x000002bce5b14aac: 2bca 8948 | 0848 33c9 | 8948 0c48 | 33c9 4889 | 4810 4889 | 4818 4c8b 

  0x000002bce5b14ac4: ;   {metadata(method data for {method} {0x000002bc803f0a98} 'lookup' '()Ljava/lang/invoke/MethodHandles$Lookup;' in 'java/lang/invoke/MethodHandles')}
  0x000002bce5b14ac4: c848 bff8 | 0332 fabc | 0200 0048 | 8387 5001 

  0x000002bce5b14ad4: ;   {metadata(method data for {method} {0x000002bc803e21b0} '<init>' '(Ljava/lang/Class;)V' in 'java/lang/invoke/MethodHandles$Lookup')}
  0x000002bce5b14ad4: 0000 0149 | b990 0532 | fabc 0200 | 0041 8bb9 | cc00 0000 | 83c7 0241 | 89b9 cc00 | 0000 81e7 
  0x000002bce5b14af4: feff 1f00 | 85ff 0f84 | c516 0000 

  0x000002bce5b14b00: ;   {metadata(method data for {method} {0x000002bc803e21b0} '<init>' '(Ljava/lang/Class;)V' in 'java/lang/invoke/MethodHandles$Lookup')}
  0x000002bce5b14b00: 4c8b c848 | bf90 0532 | fabc 0200 | 0048 8387 | 1001 0000 

  0x000002bce5b14b14: ;   {oop(nullptr)}
  0x000002bce5b14b14: 0149 b900 | 0000 0000 | 0000 00bf | 5f00 0000 | 488b d048 | 8984 2408 

  0x000002bce5b14b2c: ;   {optimized virtual_call}
  0x000002bce5b14b2c: 0100 00e8 

  0x000002bce5b14b30: ; ImmutableOopMap {[216]=Oop [224]=Oop [232]=Oop [248]=Oop [256]=Oop [264]=Oop }
                      ;*invokespecial <init> {reexecute=0 rethrow=0 return_oop=0}
                      ; - java.lang.invoke.MethodHandles$Lookup::<init>@5
                      ; - java.lang.invoke.MethodHandles::lookup@23
                      ; - jdk.internal.access.SharedSecrets::ensureClassInitialized@0
                      ; - jdk.internal.access.SharedSecrets::javaUtilJarAccess@10
                      ; - jdk.internal.loader.URLClassPath$JarLoader$2::getManifest@0
                      ; - java.net.URLClassLoader::defineClass@34
  0x000002bce5b14b30: 4c9c 2607 

  0x000002bce5b14b34: ;   {other}
  0x000002bce5b14b34: 0f1f 8400 | 240b 0004 | 488b 8424 | 0801 0000 

  0x000002bce5b14b44: ;   {metadata(method data for {method} {0x000002bc80474058} 'ensureClassInitialized' '(Ljava/lang/Class;)V' in 'jdk/internal/access/SharedSecrets')}
  0x000002bce5b14b44: 4c8b c048 | ba48 0232 | fabc 0200 | 0048 8382 | 2001 0000 

  0x000002bce5b14b58: ;   {oop(a 'java/lang/Class'{0x0000000080000660} = 'java/util/jar/JarFile')}
  0x000002bce5b14b58: 0149 b860 | 0600 8000 | 0000 0048 

  0x000002bce5b14b64: ;   {optimized virtual_call}
  0x000002bce5b14b64: 8bd0 90e8 

  0x000002bce5b14b68: ; ImmutableOopMap {[216]=Oop [224]=Oop [232]=Oop [248]=Oop [256]=Oop }
                      ;*invokevirtual ensureInitialized {reexecute=0 rethrow=0 return_oop=0}
                      ; - jdk.internal.access.SharedSecrets::ensureClassInitialized@4
                      ; - jdk.internal.access.SharedSecrets::javaUtilJarAccess@10
                      ; - jdk.internal.loader.URLClassPath$JarLoader$2::getManifest@0
                      ; - java.net.URLClassLoader::defineClass@34
  0x000002bce5b14b68: 149c 2607 

  0x000002bce5b14b6c: ;   {other}
  0x000002bce5b14b6c: 0f1f 8400 | 5c0b 0005 

  0x000002bce5b14b74: ;   {metadata(method data for {method} {0x000002bc80474058} 'ensureClassInitialized' '(Ljava/lang/Class;)V' in 'jdk/internal/access/SharedSecrets')}
  0x000002bce5b14b74: 48ba 4802 | 32fa bc02 | 0000 ff82 | 5801 0000 | e986 0000 | 000f 1f80 | 0000 0000 

  0x000002bce5b14b90: ;   {no_reloc}
  0x000002bce5b14b90: e960 1600 | 0000 0000 | 0000 e960 | 1600 004c 

  0x000002bce5b14ba0: ;   {metadata(method data for {method} {0x000002bc803f0a98} 'lookup' '()Ljava/lang/invoke/MethodHandles$Lookup;' in 'java/lang/invoke/MethodHandles')}
  0x000002bce5b14ba0: 8bc0 48ba | f803 32fa | bc02 0000 | 4883 8240 | 0100 0001 

  0x000002bce5b14bb4: ;   {oop("no caller frame"{0x0000000080000710})}
  0x000002bce5b14bb4: 49b8 1007 | 0080 0000 | 0000 488b | d048 8984 | 2410 0100 | 0066 0f1f 

  0x000002bce5b14bcc: ;   {optimized virtual_call}
  0x000002bce5b14bcc: 4400 00e8 

  0x000002bce5b14bd0: ; ImmutableOopMap {[216]=Oop [224]=Oop [232]=Oop [248]=Oop [256]=Oop [272]=Oop }
                      ;*invokespecial <init> {reexecute=0 rethrow=0 return_oop=0}
                      ; - java.lang.invoke.MethodHandles::lookup@14
                      ; - jdk.internal.access.SharedSecrets::ensureClassInitialized@0
                      ; - jdk.internal.access.SharedSecrets::javaUtilJarAccess@10
                      ; - jdk.internal.loader.URLClassPath$JarLoader$2::getManifest@0
                      ; - java.net.URLClassLoader::defineClass@34
  0x000002bce5b14bd0: ac9b 2607 

  0x000002bce5b14bd4: ;   {other}
  0x000002bce5b14bd4: 0f1f 8400 | c40b 0006 | 488b 8424 

  0x000002bce5b14be0: ; ImmutableOopMap {rax=Oop [216]=Oop [224]=Oop [232]=Oop [248]=Oop [256]=Oop }
                      ;*athrow {reexecute=1 rethrow=0 return_oop=0}
                      ; - (reexecute) java.lang.invoke.MethodHandles::lookup@17
                      ; - jdk.internal.access.SharedSecrets::ensureClassInitialized@0
                      ; - jdk.internal.access.SharedSecrets::javaUtilJarAccess@10
                      ; - jdk.internal.loader.URLClassPath$JarLoader$2::getManifest@0
                      ; - java.net.URLClassLoader::defineClass@34
  0x000002bce5b14be0: 1001 0000 

  0x000002bce5b14be4: ;   {section_word}
  0x000002bce5b14be4: 48ba e44b | b1e5 bc02 

  0x000002bce5b14bec: ;   {runtime_call handle_exception_nofpu Runtime1 stub}
  0x000002bce5b14bec: 0000 e80d | bc28 0790 | 498b 8700 | 0500 004d | 33d2 4d89 | 9700 0500 | 004d 33d2 | 4d89 9708 
  0x000002bce5b14c0c: ;   {oop(a 'java/lang/Class'{0x0000000080000560} = 'jdk/internal/access/SharedSecrets')}
  0x000002bce5b14c0c: 0500 0048 | ba60 0500 | 8000 0000 | 008b 92d4 | 0000 0048 | 8bf2 4c8b | 8c24 e000 | 0000 418b 
  0x000002bce5b14c2c: 5120 8b52 | 1848 85f6 | 0f84 2900 

  0x000002bce5b14c38: ;   {metadata('java/util/jar/JavaUtilJarAccessImpl')}
  0x000002bce5b14c38: 0000 48b9 | b05a 3180 | bc02 0000 | 8b46 0849 | ba00 0000 | 80bc 0200 | 0049 03c2 | 483b 4838 
  0x000002bce5b14c58: 0f85 b315 | 0000 e900 | 0000 0048 | 8bfe 483b 

  0x000002bce5b14c68: ;   {metadata(method data for {method} {0x000002bc802129c8} 'getManifest' '()Ljava/util/jar/Manifest;' in 'jdk/internal/loader/URLClassPath$JarLoader$2')}
  0x000002bce5b14c68: 0648 bf30 | bc39 fabc | 0200 0048 | 8387 3801 

  0x000002bce5b14c78: ;   {metadata(method data for {method} {0x000002bc80315f40} 'ensureInitialization' '(Ljava/util/jar/JarFile;)V' in 'java/util/jar/JavaUtilJarAccessImpl')}
  0x000002bce5b14c78: 0000 0148 | be00 be39 | fabc 0200 | 008b becc | 0000 0083 | c702 89be | cc00 0000 | 81e7 feff 
  0x000002bce5b14c98: 1f00 85ff | 0f84 7915 | 0000 483b | 0248 8bf2 

  0x000002bce5b14ca8: ;   {metadata(method data for {method} {0x000002bc80315f40} 'ensureInitialization' '(Ljava/util/jar/JarFile;)V' in 'java/util/jar/JavaUtilJarAccessImpl')}
  0x000002bce5b14ca8: 48bf 00be | 39fa bc02 | 0000 8b76 | 0849 ba00 | 0000 80bc | 0200 0049 | 03f2 483b | b720 0100 
  0x000002bce5b14cc8: 0075 0d48 | 8387 2801 | 0000 01e9 | 6000 0000 | 483b b730 | 0100 0075 | 0d48 8387 | 3801 0000 
  0x000002bce5b14ce8: 01e9 4a00 | 0000 4883 | bf20 0100 | 0000 7517 | 4889 b720 | 0100 0048 | c787 2801 | 0000 0100 
  0x000002bce5b14d08: 0000 e929 | 0000 0048 | 83bf 3001 | 0000 0075 | 1748 89b7 | 3001 0000 | 48c7 8738 | 0100 0001 
  0x000002bce5b14d28: 0000 00e9 | 0800 0000 | 4883 8710 | 0100 0001 | 0f1f 8000 

  0x000002bce5b14d3c: ;   {optimized virtual_call}
  0x000002bce5b14d3c: 0000 00e8 

  0x000002bce5b14d40: ; ImmutableOopMap {[216]=Oop [224]=Oop [232]=Oop [248]=Oop [256]=Oop }
                      ;*invokevirtual ensureInitialization {reexecute=0 rethrow=0 return_oop=0}
                      ; - java.util.jar.JavaUtilJarAccessImpl::ensureInitialization@1
                      ; - jdk.internal.loader.URLClassPath$JarLoader$2::getManifest@10
                      ; - java.net.URLClassLoader::defineClass@34
  0x000002bce5b14d40: 1c83 ffff 

  0x000002bce5b14d44: ;   {other}
  0x000002bce5b14d44: 0f1f 8400 | 340d 0008 | 4c8b 8c24 | e000 0000 | 418b 5120 

  0x000002bce5b14d58: ; implicit exception: dispatches to 0x000002bce5b16241
  0x000002bce5b14d58: 8b52 1848 | 3b02 488b 

  0x000002bce5b14d60: ;   {metadata(method data for {method} {0x000002bc802129c8} 'getManifest' '()Ljava/util/jar/Manifest;' in 'jdk/internal/loader/URLClassPath$JarLoader$2')}
  0x000002bce5b14d60: f248 bf30 | bc39 fabc | 0200 008b | 7608 49ba | 0000 0080 | bc02 0000 | 4903 f248 | 3bb7 6801 
  0x000002bce5b14d80: 0000 750d | 4883 8770 | 0100 0001 | e960 0000 | 0048 3bb7 | 7801 0000 | 750d 4883 | 8780 0100 
  0x000002bce5b14da0: 0001 e94a | 0000 0048 | 83bf 6801 | 0000 0075 | 1748 89b7 | 6801 0000 | 48c7 8770 | 0100 0001 
  0x000002bce5b14dc0: 0000 00e9 | 2900 0000 | 4883 bf78 | 0100 0000 | 7517 4889 | b778 0100 | 0048 c787 | 8001 0000 
  0x000002bce5b14de0: 0100 0000 | e908 0000 | 0048 8387 | 5801 0000 | 010f 1f40 | 0048 b880 | 1219 80bc 

  0x000002bce5b14dfc: ;   {virtual_call}
  0x000002bce5b14dfc: 0200 00e8 

  0x000002bce5b14e00: ; ImmutableOopMap {[216]=Oop [224]=Oop [232]=Oop [248]=Oop [256]=Oop }
                      ;*invokevirtual getManifest {reexecute=0 rethrow=0 return_oop=0}
                      ; - jdk.internal.loader.URLClassPath$JarLoader$2::getManifest@22
                      ; - java.net.URLClassLoader::defineClass@34
  0x000002bce5b14e00: 3c47 faff 

  0x000002bce5b14e04: ;   {other}
  0x000002bce5b14e04: 0f1f 8400 | f40d 0009 | 4889 8424 | 1801 0000 | 488b 9424 | e800 0000 

  0x000002bce5b14e1c: ;   {metadata(method data for {method} {0x000002bcfa0a6480} 'defineClass' '(Ljava/lang/String;Ljdk/internal/loader/Resource;)Ljava/lang/Class;' in 'java/net/URLClassLoader')}
  0x000002bce5b14e1c: 49b8 e0dc | 3bfa bc02 | 0000 4983 | 8020 0200 | 0001 4c8b | 8424 0001 | 0000 4c8b | c848 8bbc 
  0x000002bce5b14e3c: 24f8 0000 | 0048 8b94 | 24e8 0000 | 0066 0f1f 

  0x000002bce5b14e4c: ;   {optimized virtual_call}
  0x000002bce5b14e4c: 4400 00e8 

  0x000002bce5b14e50: ; ImmutableOopMap {[216]=Oop [224]=Oop [232]=Oop [248]=Oop [256]=Oop [280]=Oop }
                      ;*invokevirtual getAndVerifyPackage {reexecute=0 rethrow=0 return_oop=0}
                      ; - java.net.URLClassLoader::defineClass@46
  0x000002bce5b14e50: ccb8 fbff 

  0x000002bce5b14e54: ;   {other}
  0x000002bce5b14e54: 0f1f 8400 | 440e 000a 

  0x000002bce5b14e5c: ;   {metadata(method data for {method} {0x000002bcfa0a6480} 'defineClass' '(Ljava/lang/String;Ljdk/internal/loader/Resource;)Ljava/lang/Class;' in 'java/net/URLClassLoader')}
  0x000002bce5b14e5c: 4885 c049 | b8e0 dc3b | fabc 0200 | 0049 c7c1 | 6802 0000 | 7407 49c7 | c158 0200 | 004b 8b3c 
  0x000002bce5b14e7c: 0848 8d7f | 014b 893c | 080f 840d | 0000 004c | 8b8c 24e0 | 0000 00e9 | bb02 0000 | 488b 8424 
  0x000002bce5b14e9c: 1801 0000 

  0x000002bce5b14ea0: ;   {metadata(method data for {method} {0x000002bcfa0a6480} 'defineClass' '(Ljava/lang/String;Ljdk/internal/loader/Resource;)Ljava/lang/Class;' in 'java/net/URLClassLoader')}
  0x000002bce5b14ea0: 4885 c049 | b8e0 dc3b | fabc 0200 | 0049 c7c1 | 7802 0000 | 7407 49c7 | c188 0200 | 004b 8b3c 
  0x000002bce5b14ec0: 0848 8d7f | 014b 893c | 0848 8b94 | 24e8 0000 | 000f 84d3 

  0x000002bce5b14ed4: ;   {metadata(method data for {method} {0x000002bcfa0a6480} 'defineClass' '(Ljava/lang/String;Ljdk/internal/loader/Resource;)Ljava/lang/Class;' in 'java/net/URLClassLoader')}
  0x000002bce5b14ed4: 0000 0049 | b8e0 dc3b | fabc 0200 | 008b 5208 | 49ba 0000 | 0080 bc02 | 0000 4903 | d249 3b90 
  0x000002bce5b14ef4: a802 0000 | 750d 4983 | 80b0 0200 | 0001 e960 | 0000 0049 | 3b90 b802 | 0000 750d | 4983 80c0 
  0x000002bce5b14f14: 0200 0001 | e94a 0000 | 0049 83b8 | a802 0000 | 0075 1749 | 8990 a802 | 0000 49c7 | 80b0 0200 
  0x000002bce5b14f34: 0001 0000 | 00e9 2900 | 0000 4983 | b8b8 0200 | 0000 7517 | 4989 90b8 | 0200 0049 | c780 c002 
  0x000002bce5b14f54: 0000 0100 | 0000 e908 | 0000 0049 | 8380 9802 | 0000 014c | 8b84 2400 | 0100 004c | 8bc8 488b 
  0x000002bce5b14f74: bc24 f800 | 0000 488b | 9424 e800 | 0000 0f1f 

  0x000002bce5b14f84: ;   {optimized virtual_call}
  0x000002bce5b14f84: 4400 00e8 

  0x000002bce5b14f88: ; ImmutableOopMap {[216]=Oop [224]=Oop [232]=Oop [248]=Oop [256]=Oop [280]=Oop }
                      ;*invokevirtual definePackage {reexecute=0 rethrow=0 return_oop=0}
                      ; - java.net.URLClassLoader::defineClass@64
  0x000002bce5b14f88: b915 0000 

  0x000002bce5b14f8c: ;   {other}
  0x000002bce5b14f8c: 0f1f 8400 | 7c0f 000b 

  0x000002bce5b14f94: ;   {metadata(method data for {method} {0x000002bcfa0a6480} 'defineClass' '(Ljava/lang/String;Ljdk/internal/loader/Resource;)Ljava/lang/Class;' in 'java/net/URLClassLoader')}
  0x000002bce5b14f94: 49b8 e0dc | 3bfa bc02 | 0000 41ff | 80d0 0200 | 00e9 f200 

  0x000002bce5b14fa8: ;   {metadata(method data for {method} {0x000002bcfa0a6480} 'defineClass' '(Ljava/lang/String;Ljdk/internal/loader/Resource;)Ljava/lang/Class;' in 'java/net/URLClassLoader')}
  0x000002bce5b14fa8: 0000 49b8 | e0dc 3bfa | bc02 0000 | 8b52 0849 | ba00 0000 | 80bc 0200 | 0049 03d2 | 493b 90f8 
  0x000002bce5b14fc8: 0200 0075 | 0d49 8380 | 0003 0000 | 01e9 6000 | 0000 493b | 9008 0300 | 0075 0d49 | 8380 1003 
  0x000002bce5b14fe8: 0000 01e9 | 4a00 0000 | 4983 b8f8 | 0200 0000 | 7517 4989 | 90f8 0200 | 0049 c780 | 0003 0000 
  0x000002bce5b15008: 0100 0000 | e929 0000 | 0049 83b8 | 0803 0000 | 0075 1749 | 8990 0803 | 0000 49c7 | 8010 0300 
  0x000002bce5b15028: 0001 0000 | 00e9 0800 | 0000 4983 | 80e8 0200 | 0001 4c8b | 8424 0001 

  0x000002bce5b15040: ;   {oop(nullptr)}
  0x000002bce5b15040: 0000 49b9 | 0000 0000 | 0000 0000 

  0x000002bce5b1504c: ;   {oop(nullptr)}
  0x000002bce5b1504c: 48bf 0000 | 0000 0000 

  0x000002bce5b15054: ;   {oop(nullptr)}
  0x000002bce5b15054: 0000 48be | 0000 0000 | 0000 0000 

  0x000002bce5b15060: ;   {oop(nullptr)}
  0x000002bce5b15060: 48b9 0000 | 0000 0000 | 0000 4d33 | d24c 8914 | 244d 33d2 | 4c89 5424 | 084d 33d2 | 4c89 5424 
  0x000002bce5b15080: 1048 8b94 | 24e8 0000 | 0066 0f1f 

  0x000002bce5b1508c: ;   {optimized virtual_call}
  0x000002bce5b1508c: 4400 00e8 

  0x000002bce5b15090: ; ImmutableOopMap {[216]=Oop [224]=Oop [232]=Oop [248]=Oop [256]=Oop [280]=Oop }
                      ;*invokevirtual definePackage {reexecute=0 rethrow=0 return_oop=0}
                      ; - java.net.URLClassLoader::defineClass@81
  0x000002bce5b15090: ec96 2607 

  0x000002bce5b15094: ;   {other}
  0x000002bce5b15094: 0f1f 8400 | 8410 000c 

  0x000002bce5b1509c: ;   {metadata(method data for {method} {0x000002bcfa0a6480} 'defineClass' '(Ljava/lang/String;Ljdk/internal/loader/Resource;)Ljava/lang/Class;' in 'java/net/URLClassLoader')}
  0x000002bce5b1509c: 48b8 e0dc | 3bfa bc02 | 0000 ff80 | 2003 0000 | 4c8b 8c24 | e000 0000 | e99a 0000 | 004c 8b8c 
  0x000002bce5b150bc: 2418 0100 | 0049 8b87 | 0005 0000 | 4d33 d24d | 8997 0005 | 0000 4d33 | d24d 8997 | 0805 0000 
  0x000002bce5b150dc: 488b 9424 | e800 0000 

  0x000002bce5b150e4: ;   {metadata(method data for {method} {0x000002bcfa0a6480} 'defineClass' '(Ljava/lang/String;Ljdk/internal/loader/Resource;)Ljava/lang/Class;' in 'java/net/URLClassLoader')}
  0x000002bce5b150e4: 49b8 e0dc | 3bfa bc02 | 0000 4983 | 8038 0300 | 0001 4c8b | 8424 0001 | 0000 488b | bc24 f800 
  0x000002bce5b15104: 0000 488b | 9424 e800 

  0x000002bce5b1510c: ;   {optimized virtual_call}
  0x000002bce5b1510c: 0000 90e8 

  0x000002bce5b15110: ; ImmutableOopMap {[216]=Oop [224]=Oop [232]=Oop [248]=Oop [256]=Oop }
                      ;*invokevirtual getAndVerifyPackage {reexecute=0 rethrow=0 return_oop=0}
                      ; - java.net.URLClassLoader::defineClass@97
  0x000002bce5b15110: 6c96 2607 

  0x000002bce5b15114: ;   {other}
  0x000002bce5b15114: 0f1f 8400 | 0411 000d 

  0x000002bce5b1511c: ;   {metadata(method data for {method} {0x000002bcfa0a6480} 'defineClass' '(Ljava/lang/String;Ljdk/internal/loader/Resource;)Ljava/lang/Class;' in 'java/net/URLClassLoader')}
  0x000002bce5b1511c: 4885 c048 | b8e0 dc3b | fabc 0200 | 0049 c7c0 | 8003 0000 | 7407 49c7 | c070 0300 | 004a 8b14 
  0x000002bce5b1513c: 0048 8d52 | 014a 8914 | 000f 8407 | 0b00 004c | 8b8c 24e0 | 0000 0049 

  0x000002bce5b15154: ;   {metadata(method data for {method} {0x000002bcfa0a6480} 'defineClass' '(Ljava/lang/String;Ljdk/internal/loader/Resource;)Ljava/lang/Class;' in 'java/net/URLClassLoader')}
  0x000002bce5b15154: 8bc1 49b8 | e0dc 3bfa | bc02 0000 | 8b40 0849 | ba00 0000 | 80bc 0200 | 0049 03c2 | 493b 8068 
  0x000002bce5b15174: 0400 0075 | 0d49 8380 | 7004 0000 | 01e9 6000 | 0000 493b | 8078 0400 | 0075 0d49 | 8380 8004 
  0x000002bce5b15194: 0000 01e9 | 4a00 0000 | 4983 b868 | 0400 0000 | 7517 4989 | 8068 0400 | 0049 c780 | 7004 0000 
  0x000002bce5b151b4: 0100 0000 | e929 0000 | 0049 83b8 | 7804 0000 | 0075 1749 | 8980 7804 | 0000 49c7 | 8080 0400 
  0x000002bce5b151d4: 0001 0000 | 00e9 0800 | 0000 4983 | 8058 0400 

  0x000002bce5b151e4: ;   {metadata(method data for {method} {0x000002bc8016ff28} 'getByteBuffer' '()Ljava/nio/ByteBuffer;' in 'jdk/internal/loader/Resource')}
  0x000002bce5b151e4: 0001 48b8 | 986b 3dfa | bc02 0000 | 448b 80cc | 0000 0041 | 83c0 0244 | 8980 cc00 | 0000 4181 
  0x000002bce5b15204: e0fe ff1f | 0045 85c0 | 0f84 3910 | 0000 498b 

  0x000002bce5b15214: ;   {metadata(method data for {method} {0x000002bc8016ff28} 'getByteBuffer' '()Ljava/nio/ByteBuffer;' in 'jdk/internal/loader/Resource')}
  0x000002bce5b15214: c149 b898 | 6b3d fabc | 0200 0049 | 8380 1001 | 0000 014c | 8d84 2458 | 0100 004d | 8948 0849 
  0x000002bce5b15234: 8b01 4883 | c801 4989 | 00f0 4d0f | b101 0f84 | 1200 0000 | 482b c448 | 2507 f0ff | ff49 8900 
  0x000002bce5b15254: 0f85 1210 | 0000 49ff | 8750 0500 

  0x000002bce5b15260: ;   {metadata(method data for {method} {0x000002bc801701e8} 'cachedInputStream' '()Ljava/io/InputStream;' in 'jdk/internal/loader/Resource')}
  0x000002bce5b15260: 0049 b810 | 2732 fabc | 0200 0041 | 8b90 cc00 | 0000 83c2 | 0241 8990 | cc00 0000 | 81e2 feff 
  0x000002bce5b15280: 1f00 85d2 | 0f84 f50f | 0000 458b | 410c 4d85 

  0x000002bce5b15290: ;   {metadata(method data for {method} {0x000002bc801701e8} 'cachedInputStream' '()Ljava/io/InputStream;' in 'jdk/internal/loader/Resource')}
  0x000002bce5b15290: c049 b810 | 2732 fabc | 0200 0048 | c7c2 1001 | 0000 7507 | 48c7 c220 | 0100 0049 | 8b34 1048 
  0x000002bce5b152b0: 8d76 0149 | 8934 100f | 8513 0100 | 004d 8bc1 

  0x000002bce5b152c0: ;   {metadata(method data for {method} {0x000002bc801701e8} 'cachedInputStream' '()Ljava/io/InputStream;' in 'jdk/internal/loader/Resource')}
  0x000002bce5b152c0: 48ba 1027 | 32fa bc02 | 0000 4883 | 8248 0100 

  0x000002bce5b152d0: ;   {metadata(method data for {method} {0x000002bc80212918} 'getInputStream' '()Ljava/io/InputStream;' in 'jdk/internal/loader/URLClassPath$JarLoader$2')}
  0x000002bce5b152d0: 0001 49b8 | b828 32fa | bc02 0000 | 418b 90cc | 0000 0083 | c202 4189 | 90cc 0000 | 0081 e2fe 
  0x000002bce5b152f0: ff1f 0085 | d20f 84a5 | 0f00 0045 | 8b41 2041 | 8b50 1845 | 8b41 1c48 | 3b02 488b 

  0x000002bce5b1530c: ;   {metadata(method data for {method} {0x000002bc80212918} 'getInputStream' '()Ljava/io/InputStream;' in 'jdk/internal/loader/URLClassPath$JarLoader$2')}
  0x000002bce5b1530c: f248 bfb8 | 2832 fabc | 0200 008b | 7608 49ba | 0000 0080 | bc02 0000 | 4903 f248 | 3bb7 2001 
  0x000002bce5b1532c: 0000 750d | 4883 8728 | 0100 0001 | e960 0000 | 0048 3bb7 | 3001 0000 | 750d 4883 | 8738 0100 
  0x000002bce5b1534c: 0001 e94a | 0000 0048 | 83bf 2001 | 0000 0075 | 1748 89b7 | 2001 0000 | 48c7 8728 | 0100 0001 
  0x000002bce5b1536c: 0000 00e9 | 2900 0000 | 4883 bf30 | 0100 0000 | 7517 4889 | b730 0100 | 0048 c787 | 3801 0000 
  0x000002bce5b1538c: 0100 0000 | e908 0000 | 0048 8387 | 1001 0000 

  0x000002bce5b1539c: ;   {optimized virtual_call}
  0x000002bce5b1539c: 0166 90e8 

  0x000002bce5b153a0: ; ImmutableOopMap {[216]=Oop [224]=Oop [232]=Oop [248]=Oop [352]=Oop }
                      ;*invokevirtual getInputStream {reexecute=0 rethrow=0 return_oop=0}
                      ; - jdk.internal.loader.URLClassPath$JarLoader$2::getInputStream@11
                      ; - jdk.internal.loader.Resource::cachedInputStream@9
                      ; - jdk.internal.loader.Resource::getByteBuffer@1
                      ; - java.net.URLClassLoader::defineClass@132
  0x000002bce5b153a0: fceb f4ff 

  0x000002bce5b153a4: ;   {other}
  0x000002bce5b153a4: 0f1f 8400 | 9413 000e | 4c8b 8c24 | e000 0000 | 4c8b d045 | 8951 0c49 | 8d01 48c1 | e809 48ba 
  0x000002bce5b153c4: 0000 bae1 | bc02 0000 | c604 1000 | 418b 510c | 488d 8424 | 5801 0000 | 488b 3048 | 85f6 0f84 
  0x000002bce5b153e4: 0f00 0000 | 488b 7808 | f048 0fb1 | 370f 85d4 | 0e00 0049 | ff8f 5005 | 0000 4885 

  0x000002bce5b15400: ;   {metadata(method data for {method} {0x000002bc8016ff28} 'getByteBuffer' '()Ljava/nio/ByteBuffer;' in 'jdk/internal/loader/Resource')}
  0x000002bce5b15400: d275 1648 | bb98 6b3d | fabc 0200 | 0080 8b41 | 0100 0001 | e9e7 0000 

  0x000002bce5b15418: ;   {metadata('sun/nio/ByteBuffered')}
  0x000002bce5b15418: 0048 b888 | 3236 80bc | 0200 008b | 5a08 49ba | 0000 0080 | bc02 0000 | 4903 da48 | 3b43 200f 
  0x000002bce5b15438: 841a 0000 | 0048 3bd8 | 0f84 1100 | 0000 5350 

  0x000002bce5b15448: ;   {runtime_call slow_subtype_check Runtime1 stub}
  0x000002bce5b15448: e833 e131 | 075b 5b85 | db0f 848d 

  0x000002bce5b15454: ;   {metadata(method data for {method} {0x000002bc8016ff28} 'getByteBuffer' '()Ljava/nio/ByteBuffer;' in 'jdk/internal/loader/Resource')}
  0x000002bce5b15454: 0000 0048 | bb98 6b3d | fabc 0200 | 008b 4208 | 49ba 0000 | 0080 bc02 | 0000 4903 | c248 3b83 
  0x000002bce5b15474: 5801 0000 | 750d 4883 | 8360 0100 | 0001 e97e | 0000 0048 | 3b83 6801 | 0000 750d | 4883 8370 
  0x000002bce5b15494: 0100 0001 | e968 0000 | 0048 83bb | 5801 0000 | 0075 1748 | 8983 5801 | 0000 48c7 | 8360 0100 
  0x000002bce5b154b4: 0001 0000 | 00e9 4700 | 0000 4883 | bb68 0100 | 0000 7517 | 4889 8368 | 0100 0048 | c783 7001 
  0x000002bce5b154d4: 0000 0100 | 0000 e926 | 0000 00e9 | 2100 0000 

  0x000002bce5b154e4: ;   {metadata(method data for {method} {0x000002bc8016ff28} 'getByteBuffer' '()Ljava/nio/ByteBuffer;' in 'jdk/internal/loader/Resource')}
  0x000002bce5b154e4: 48bb 986b | 3dfa bc02 | 0000 4883 | ab48 0100 | 0001 e905 | 0000 00e9 | 0500 0000 | 4833 f6eb 
  0x000002bce5b15504: 0748 c7c6 | 0100 0000 

  0x000002bce5b1550c: ;   {metadata(method data for {method} {0x000002bc8016ff28} 'getByteBuffer' '()Ljava/nio/ByteBuffer;' in 'jdk/internal/loader/Resource')}
  0x000002bce5b1550c: 85f6 48be | 986b 3dfa | bc02 0000 | 48c7 c780 | 0100 0074 | 0748 c7c7 | 9001 0000 | 488b 1c3e 
  0x000002bce5b1552c: 488d 5b01 | 4889 1c3e | 0f84 b701 | 0000 4885 

  0x000002bce5b1553c: ;   {metadata(method data for {method} {0x000002bc8016ff28} 'getByteBuffer' '()Ljava/nio/ByteBuffer;' in 'jdk/internal/loader/Resource')}
  0x000002bce5b1553c: d275 1648 | bf98 6b3d | fabc 0200 | 0080 8f99 | 0100 0001 | e9e7 0000 

  0x000002bce5b15554: ;   {metadata('sun/nio/ByteBuffered')}
  0x000002bce5b15554: 0048 bb88 | 3236 80bc | 0200 008b | 7a08 49ba | 0000 0080 | bc02 0000 | 4903 fa48 | 3b5f 200f 
  0x000002bce5b15574: 841a 0000 | 0048 3bfb | 0f84 1100 | 0000 5753 

  0x000002bce5b15584: ;   {runtime_call slow_subtype_check Runtime1 stub}
  0x000002bce5b15584: e8f7 df31 | 075f 5f85 | ff0f 848d 

  0x000002bce5b15590: ;   {metadata(method data for {method} {0x000002bc8016ff28} 'getByteBuffer' '()Ljava/nio/ByteBuffer;' in 'jdk/internal/loader/Resource')}
  0x000002bce5b15590: 0000 0048 | bf98 6b3d | fabc 0200 | 008b 5a08 | 49ba 0000 | 0080 bc02 | 0000 4903 | da48 3b9f 
  0x000002bce5b155b0: b001 0000 | 750d 4883 | 87b8 0100 | 0001 e979 | 0000 0048 | 3b9f c001 | 0000 750d | 4883 87c8 
  0x000002bce5b155d0: 0100 0001 | e963 0000 | 0048 83bf | b001 0000 | 0075 1748 | 899f b001 | 0000 48c7 | 87b8 0100 
  0x000002bce5b155f0: 0001 0000 | 00e9 4200 | 0000 4883 | bfc0 0100 | 0000 7517 | 4889 9fc0 | 0100 0048 | c787 c801 
  0x000002bce5b15610: 0000 0100 | 0000 e921 | 0000 00e9 | 1c00 0000 

  0x000002bce5b15620: ;   {metadata(method data for {method} {0x000002bc8016ff28} 'getByteBuffer' '()Ljava/nio/ByteBuffer;' in 'jdk/internal/loader/Resource')}
  0x000002bce5b15620: 48bf 986b | 3dfa bc02 | 0000 4883 | afa0 0100 | 0001 e9aa | 0c00 00e9 | 0000 0000 

  0x000002bce5b1563c: ; implicit exception: dispatches to 0x000002bce5b162ea
  0x000002bce5b1563c: 483b 0248 

  0x000002bce5b15640: ;   {metadata(method data for {method} {0x000002bc8016ff28} 'getByteBuffer' '()Ljava/nio/ByteBuffer;' in 'jdk/internal/loader/Resource')}
  0x000002bce5b15640: 8bf2 48bf | 986b 3dfa | bc02 0000 | 8b76 0849 | ba00 0000 | 80bc 0200 | 0049 03f2 | 483b b7e8 
  0x000002bce5b15660: 0100 0075 | 0d48 8387 | f001 0000 | 01e9 6000 | 0000 483b | b7f8 0100 | 0075 0d48 | 8387 0002 
  0x000002bce5b15680: 0000 01e9 | 4a00 0000 | 4883 bfe8 | 0100 0000 | 7517 4889 | b7e8 0100 | 0048 c787 | f001 0000 
  0x000002bce5b156a0: 0100 0000 | e929 0000 | 0048 83bf | f801 0000 | 0075 1748 | 89b7 f801 | 0000 48c7 | 8700 0200 
  0x000002bce5b156c0: 0001 0000 | 00e9 0800 | 0000 4883 | 87d8 0100 | 0001 6666 | 9048 b8ff | ffff ffff 

  0x000002bce5b156dc: ;   {virtual_call}
  0x000002bce5b156dc: ffff ffe8 

  0x000002bce5b156e0: ; ImmutableOopMap {[216]=Oop [224]=Oop [232]=Oop [248]=Oop }
                      ;*invokeinterface getByteBuffer {reexecute=0 rethrow=0 return_oop=0}
                      ; - jdk.internal.loader.Resource::getByteBuffer@16
                      ; - java.net.URLClassLoader::defineClass@132
  0x000002bce5b156e0: 9c93 2607 

  0x000002bce5b156e4: ;   {other}
  0x000002bce5b156e4: 0f1f 8400 | d416 000f | e90a 0000 

  0x000002bce5b156f0: ;   {oop(nullptr)}
  0x000002bce5b156f0: 0048 b800 | 0000 0000 | 0000 0048 

  0x000002bce5b156fc: ;   {metadata(method data for {method} {0x000002bcfa0a6480} 'defineClass' '(Ljava/lang/String;Ljdk/internal/loader/Resource;)Ljava/lang/Class;' in 'java/net/URLClassLoader')}
  0x000002bce5b156fc: 85c0 48ba | e0dc 3bfa | bc02 0000 | 48c7 c690 | 0400 0074 | 0748 c7c6 | a004 0000 | 488b 3c32 
  0x000002bce5b1571c: 488d 7f01 | 4889 3c32 | 0f84 8002 | 0000 4889 | 8424 2001 | 0000 4c8b | 8c24 e000 | 0000 498b 
  0x000002bce5b1573c: ;   {metadata(method data for {method} {0x000002bcfa0a6480} 'defineClass' '(Ljava/lang/String;Ljdk/internal/loader/Resource;)Ljava/lang/Class;' in 'java/net/URLClassLoader')}
  0x000002bce5b1573c: d148 bee0 | dc3b fabc 

  0x000002bce5b15744: ;   {metadata('jdk/internal/loader/URLClassPath$JarLoader$2')}
  0x000002bce5b15744: 0200 0049 | bad8 2121 | 80bc 0200 | 004c 8996 | c004 0000 | 4883 86c8 | 0400 0001 

  0x000002bce5b15760: ;   {metadata(method data for {method} {0x000002bc80212a20} 'getCodeSigners' '()[Ljava/security/CodeSigner;' in 'jdk/internal/loader/URLClassPath$JarLoader$2')}
  0x000002bce5b15760: 48ba 1877 | 3dfa bc02 | 0000 8bb2 | cc00 0000 | 83c6 0289 | b2cc 0000 | 0081 e6fe | ff1f 0085 
  0x000002bce5b15780: f60f 8468 | 0b00 0041 | 8b51 1c48 | 3b02 488b 

  0x000002bce5b15790: ;   {metadata(method data for {method} {0x000002bc80212a20} 'getCodeSigners' '()[Ljava/security/CodeSigner;' in 'jdk/internal/loader/URLClassPath$JarLoader$2')}
  0x000002bce5b15790: f248 bf18 | 773d fabc | 0200 008b | 7608 49ba | 0000 0080 | bc02 0000 | 4903 f248 | 3bb7 2001 
  0x000002bce5b157b0: 0000 750d | 4883 8728 | 0100 0001 | e960 0000 | 0048 3bb7 | 3001 0000 | 750d 4883 | 8738 0100 
  0x000002bce5b157d0: 0001 e94a | 0000 0048 | 83bf 2001 | 0000 0075 | 1748 89b7 | 2001 0000 | 48c7 8728 | 0100 0001 
  0x000002bce5b157f0: 0000 00e9 | 2900 0000 | 4883 bf30 | 0100 0000 | 7517 4889 | b730 0100 | 0048 c787 | 3801 0000 
  0x000002bce5b15810: 0100 0000 | e908 0000 | 0048 8387 | 1001 0000 | 010f 1f40 | 0048 b8ff | ffff ffff 

  0x000002bce5b1582c: ;   {virtual_call}
  0x000002bce5b1582c: ffff ffe8 

  0x000002bce5b15830: ; ImmutableOopMap {[216]=Oop [232]=Oop [248]=Oop [288]=Oop }
                      ;*invokevirtual getCodeSigners {reexecute=0 rethrow=0 return_oop=0}
                      ; - jdk.internal.loader.URLClassPath$JarLoader$2::getCodeSigners@4
                      ; - java.net.URLClassLoader::defineClass@143
  0x000002bce5b15830: 4c92 2607 

  0x000002bce5b15834: ;   {other}
  0x000002bce5b15834: 0f1f 8400 | 2418 0010 

  0x000002bce5b1583c: ;   {metadata('java/security/CodeSource')}
  0x000002bce5b1583c: 4c8b c848 | ba28 5c00 | 80bc 0200 | 0049 8b87 | b801 0000 | 488d 7828 | 493b bfc8 | 0100 000f 
  0x000002bce5b1585c: 87b4 0a00 | 0049 89bf | b801 0000 | 48c7 0001 | 0000 0048 | 8bca 49ba | 0000 0080 | bc02 0000 
  0x000002bce5b1587c: 492b ca89 | 4808 4833 | c989 480c | 4833 c948 | 8948 1048 | 8948 1848 | 8948 204c 

  0x000002bce5b15898: ;   {metadata(method data for {method} {0x000002bcfa0a6480} 'defineClass' '(Ljava/lang/String;Ljdk/internal/loader/Resource;)Ljava/lang/Class;' in 'java/net/URLClassLoader')}
  0x000002bce5b15898: 8bc0 48ba | e0dc 3bfa | bc02 0000 | 4883 82e8 | 0400 0001 | 4c8b 8424 | f800 0000 | 488b d048 
  0x000002bce5b158b8: 8984 2428 

  0x000002bce5b158bc: ;   {optimized virtual_call}
  0x000002bce5b158bc: 0100 00e8 

  0x000002bce5b158c0: ; ImmutableOopMap {[216]=Oop [232]=Oop [288]=Oop [296]=Oop }
                      ;*invokespecial <init> {reexecute=0 rethrow=0 return_oop=0}
                      ; - java.net.URLClassLoader::defineClass@156
  0x000002bce5b158c0: bc8e 2607 

  0x000002bce5b158c4: ;   {other}
  0x000002bce5b158c4: 0f1f 8400 | b418 0011 

  0x000002bce5b158cc: ;   {metadata(method data for {method} {0x000002bcfa0a6480} 'defineClass' '(Ljava/lang/String;Ljdk/internal/loader/Resource;)Ljava/lang/Class;' in 'java/net/URLClassLoader')}
  0x000002bce5b158cc: 49b8 e0dc | 3bfa bc02 | 0000 4983 | 80f8 0400 

  0x000002bce5b158dc: ;   {metadata(method data for {method} {0x000002bc801042a8} 'getReadClassBytesTime' '()Ljdk/internal/perf/PerfCounter;' in 'jdk/internal/perf/PerfCounter')}
  0x000002bce5b158dc: 0001 49b8 | c8f3 3bfa | bc02 0000 | 418b 90cc | 0000 0083 | c202 4189 | 90cc 0000 | 0081 e2fe 
  0x000002bce5b158fc: ff1f 0085 | d20f 841b 

  0x000002bce5b15904: ;   {oop(a 'jdk/internal/perf/PerfCounter'{0x0000000080000728})}
  0x000002bce5b15904: 0a00 0048 | ba28 0700 | 8000 0000 | 004c 8bc2 

  0x000002bce5b15914: ;   {metadata(method data for {method} {0x000002bcfa0a6480} 'defineClass' '(Ljava/lang/String;Ljdk/internal/loader/Resource;)Ljava/lang/Class;' in 'java/net/URLClassLoader')}
  0x000002bce5b15914: 48be e0dc | 3bfa bc02 

  0x000002bce5b1591c: ;   {metadata('jdk/internal/perf/PerfCounter')}
  0x000002bce5b1591c: 0000 49ba | 6036 1080 | bc02 0000 | 4c89 9618 | 0500 0048 | 8386 2005 | 0000 014c | 8b84 24f0 
  0x000002bce5b1593c: ;   {optimized virtual_call}
  0x000002bce5b1593c: 0000 00e8 

  0x000002bce5b15940: ; ImmutableOopMap {[216]=Oop [232]=Oop [288]=Oop [296]=Oop }
                      ;*invokevirtual addElapsedTimeFrom {reexecute=0 rethrow=0 return_oop=0}
                      ; - java.net.URLClassLoader::defineClass@165
  0x000002bce5b15940: 3c8e 2607 

  0x000002bce5b15944: ;   {other}
  0x000002bce5b15944: 0f1f 8400 | 3419 0012 | 488b 9424 | e800 0000 

  0x000002bce5b15954: ;   {metadata(method data for {method} {0x000002bcfa0a6480} 'defineClass' '(Ljava/lang/String;Ljdk/internal/loader/Resource;)Ljava/lang/Class;' in 'java/net/URLClassLoader')}
  0x000002bce5b15954: 49b8 e0dc | 3bfa bc02 | 0000 4983 | 8040 0500 | 0001 4c8b | 8424 d800 | 0000 4c8b | 8c24 2001 
  0x000002bce5b15974: 0000 488b | bc24 2801 | 0000 488b | 9424 e800 

  0x000002bce5b15984: ;   {optimized virtual_call}
  0x000002bce5b15984: 0000 90e8 

  0x000002bce5b15988: ; ImmutableOopMap {}
                      ;*invokevirtual defineClass {reexecute=0 rethrow=0 return_oop=0}
                      ; - java.net.URLClassLoader::defineClass@174
  0x000002bce5b15988: f48d 2607 

  0x000002bce5b1598c: ;   {other}
  0x000002bce5b1598c: 0f1f 8400 | 7c19 0013 | 4881 c470 | 0100 005d 

  0x000002bce5b1599c: ;   {poll_return}
  0x000002bce5b1599c: 493b a750 | 0400 000f | 879a 0900 | 00c3 4c8b | 8c24 e000 | 0000 498b 

  0x000002bce5b159b4: ;   {metadata(method data for {method} {0x000002bcfa0a6480} 'defineClass' '(Ljava/lang/String;Ljdk/internal/loader/Resource;)Ljava/lang/Class;' in 'java/net/URLClassLoader')}
  0x000002bce5b159b4: f948 bbe0 | dc3b fabc | 0200 0048 | 8383 9005 | 0000 0149 | 8bd1 0f1f 

  0x000002bce5b159cc: ;   {optimized virtual_call}
  0x000002bce5b159cc: 4400 00e8 

  0x000002bce5b159d0: ; ImmutableOopMap {[216]=Oop [224]=Oop [232]=Oop [248]=Oop }
                      ;*invokevirtual getBytes {reexecute=0 rethrow=0 return_oop=0}
                      ; - java.net.URLClassLoader::defineClass@179
  0x000002bce5b159d0: 6c9b faff 

  0x000002bce5b159d4: ;   {other}
  0x000002bce5b159d4: 0f1f 8400 | c419 0014 | 4c8b 8c24 | e000 0000 

  0x000002bce5b159e4: ;   {metadata(method data for {method} {0x000002bcfa0a6480} 'defineClass' '(Ljava/lang/String;Ljdk/internal/loader/Resource;)Ljava/lang/Class;' in 'java/net/URLClassLoader')}
  0x000002bce5b159e4: 48ba e0dc | 3bfa bc02 | 0000 4883 | 82c8 0500 

  0x000002bce5b159f4: ;   {metadata(method data for {method} {0x000002bc80212a20} 'getCodeSigners' '()[Ljava/security/CodeSigner;' in 'jdk/internal/loader/URLClassPath$JarLoader$2')}
  0x000002bce5b159f4: 0001 48ba | 1877 3dfa | bc02 0000 | 8bb2 cc00 | 0000 83c6 | 0289 b2cc | 0000 0081 | e6fe ff1f 
  0x000002bce5b15a14: 0085 f60f | 843c 0900 | 004c 8b8c | 24e0 0000 | 0041 8b51 | 1c48 3b02 

  0x000002bce5b15a2c: ;   {metadata(method data for {method} {0x000002bc80212a20} 'getCodeSigners' '()[Ljava/security/CodeSigner;' in 'jdk/internal/loader/URLClassPath$JarLoader$2')}
  0x000002bce5b15a2c: 488b f248 | bf18 773d | fabc 0200 | 008b 7608 | 49ba 0000 | 0080 bc02 | 0000 4903 | f248 3bb7 
  0x000002bce5b15a4c: 2001 0000 | 750d 4883 | 8728 0100 | 0001 e960 | 0000 0048 | 3bb7 3001 | 0000 750d | 4883 8738 
  0x000002bce5b15a6c: 0100 0001 | e94a 0000 | 0048 83bf | 2001 0000 | 0075 1748 | 89b7 2001 | 0000 48c7 | 8728 0100 
  0x000002bce5b15a8c: 0001 0000 | 00e9 2900 | 0000 4883 | bf30 0100 | 0000 7517 | 4889 b730 | 0100 0048 | c787 3801 
  0x000002bce5b15aac: 0000 0100 | 0000 e908 | 0000 0048 | 8387 1001 | 0000 0148 | 8984 2430 | 0100 0066 | 0f1f 4400 
  0x000002bce5b15acc: 0048 b8f0 | 6c77 febc 

  0x000002bce5b15ad4: ;   {virtual_call}
  0x000002bce5b15ad4: 0200 00e8 

  0x000002bce5b15ad8: ; ImmutableOopMap {[216]=Oop [232]=Oop [248]=Oop [304]=Oop }
                      ;*invokevirtual getCodeSigners {reexecute=0 rethrow=0 return_oop=0}
                      ; - jdk.internal.loader.URLClassPath$JarLoader$2::getCodeSigners@4
                      ; - java.net.URLClassLoader::defineClass@185
  0x000002bce5b15ad8: d580 2607 

  0x000002bce5b15adc: ;   {other}
  0x000002bce5b15adc: 0f1f 8400 | cc1a 0015 

  0x000002bce5b15ae4: ;   {metadata('java/security/CodeSource')}
  0x000002bce5b15ae4: 4c8b c848 | ba28 5c00 | 80bc 0200 | 0049 8b87 | b801 0000 | 488d 7828 | 493b bfc8 | 0100 000f 
  0x000002bce5b15b04: 8776 0800 | 0049 89bf | b801 0000 | 48c7 0001 | 0000 0048 | 8bca 49ba | 0000 0080 | bc02 0000 
  0x000002bce5b15b24: 492b ca89 | 4808 4833 | c989 480c | 4833 c948 | 8948 1048 | 8948 1848 | 8948 204c 

  0x000002bce5b15b40: ;   {metadata(method data for {method} {0x000002bcfa0a6480} 'defineClass' '(Ljava/lang/String;Ljdk/internal/loader/Resource;)Ljava/lang/Class;' in 'java/net/URLClassLoader')}
  0x000002bce5b15b40: 8bc0 48ba | e0dc 3bfa | bc02 0000 | 4883 82e8 | 0500 0001 | 4c8b 8424 | f800 0000 | 488b d048 
  0x000002bce5b15b60: 8984 2438 

  0x000002bce5b15b64: ;   {optimized virtual_call}
  0x000002bce5b15b64: 0100 00e8 

  0x000002bce5b15b68: ; ImmutableOopMap {[216]=Oop [232]=Oop [304]=Oop [312]=Oop }
                      ;*invokespecial <init> {reexecute=0 rethrow=0 return_oop=0}
                      ; - java.net.URLClassLoader::defineClass@198
  0x000002bce5b15b68: 1f0b 0000 

  0x000002bce5b15b6c: ;   {other}
  0x000002bce5b15b6c: 0f1f 8400 | 5c1b 0016 

  0x000002bce5b15b74: ;   {metadata(method data for {method} {0x000002bcfa0a6480} 'defineClass' '(Ljava/lang/String;Ljdk/internal/loader/Resource;)Ljava/lang/Class;' in 'java/net/URLClassLoader')}
  0x000002bce5b15b74: 49b8 e0dc | 3bfa bc02 | 0000 4983 | 80f8 0500 

  0x000002bce5b15b84: ;   {metadata(method data for {method} {0x000002bc801042a8} 'getReadClassBytesTime' '()Ljdk/internal/perf/PerfCounter;' in 'jdk/internal/perf/PerfCounter')}
  0x000002bce5b15b84: 0001 49b8 | c8f3 3bfa | bc02 0000 | 418b 90cc | 0000 0083 | c202 4189 | 90cc 0000 | 0081 e2fe 
  0x000002bce5b15ba4: ff1f 0085 | d20f 84dd 

  0x000002bce5b15bac: ;   {oop(a 'jdk/internal/perf/PerfCounter'{0x0000000080000728})}
  0x000002bce5b15bac: 0700 0048 | ba28 0700 | 8000 0000 | 004c 8bc2 

  0x000002bce5b15bbc: ;   {metadata(method data for {method} {0x000002bcfa0a6480} 'defineClass' '(Ljava/lang/String;Ljdk/internal/loader/Resource;)Ljava/lang/Class;' in 'java/net/URLClassLoader')}
  0x000002bce5b15bbc: 48be e0dc | 3bfa bc02 | 0000 4883 | 8620 0600 | 0001 4c8b | 8424 f000 

  0x000002bce5b15bd4: ;   {optimized virtual_call}
  0x000002bce5b15bd4: 0000 90e8 

  0x000002bce5b15bd8: ; ImmutableOopMap {[216]=Oop [232]=Oop [304]=Oop [312]=Oop }
                      ;*invokevirtual addElapsedTimeFrom {reexecute=0 rethrow=0 return_oop=0}
                      ; - java.net.URLClassLoader::defineClass@207
  0x000002bce5b15bd8: 0421 f0ff 

  0x000002bce5b15bdc: ;   {other}
  0x000002bce5b15bdc: 0f1f 8400 | cc1b 0017 | 488b 8424 | 3001 0000 

  0x000002bce5b15bec: ; implicit exception: dispatches to 0x000002bce5b163ad
  0x000002bce5b15bec: 8b70 0c48 | 8b94 24e8 

  0x000002bce5b15bf4: ;   {metadata(method data for {method} {0x000002bcfa0a6480} 'defineClass' '(Ljava/lang/String;Ljdk/internal/loader/Resource;)Ljava/lang/Class;' in 'java/net/URLClassLoader')}
  0x000002bce5b15bf4: 0000 0049 | b8e0 dc3b | fabc 0200 | 0049 8380 | 4006 0000 | 014c 8b84 | 24d8 0000 | 004c 8bc8 
  0x000002bce5b15c14: bf00 0000 | 0048 8b8c | 2438 0100 | 0048 8b94 | 24e8 0000 | 0066 0f1f 

  0x000002bce5b15c2c: ;   {optimized virtual_call}
  0x000002bce5b15c2c: 4400 00e8 

  0x000002bce5b15c30: ; ImmutableOopMap {}
                      ;*invokevirtual defineClass {reexecute=0 rethrow=0 return_oop=0}
                      ; - java.net.URLClassLoader::defineClass@220
  0x000002bce5b15c30: 750a 0000 

  0x000002bce5b15c34: ;   {other}
  0x000002bce5b15c34: 0f1f 8400 | 241c 0018 | 4881 c470 | 0100 005d 

  0x000002bce5b15c44: ;   {poll_return}
  0x000002bce5b15c44: 493b a750 | 0400 000f | 8761 0700 | 00c3 660f | 1f44 0000 

  0x000002bce5b15c58: ;   {no_reloc}
  0x000002bce5b15c58: e97a 0700 | 0000 0000 | 0000 80ba | 3101 0000 | 040f 8577 | 0700 0049 | 8b87 b801 | 0000 488d 
  0x000002bce5b15c78: 7828 493b | bfc8 0100 | 000f 875f | 0700 0049 | 89bf b801 | 0000 48c7 | 0001 0000 | 0048 8bca 
  0x000002bce5b15c98: 49ba 0000 | 0080 bc02 | 0000 492b | ca89 4808 | 4833 c989 | 480c 4833 | c948 8948 | 1048 8948 
  0x000002bce5b15cb8: 1848 8948 | 2066 6690 

  0x000002bce5b15cc0: ;   {no_reloc}
  0x000002bce5b15cc0: e93d 0700 | 0000 0000 | 0000 4889 | 8424 4801 | 0000 498b | 87b8 0100 | 0048 8d78 | 1849 3bbf 
  0x000002bce5b15ce0: c801 0000 | 0f87 2207 | 0000 4989 | bfb8 0100 | 0048 c700 | 0100 0000 | 488b ca49 | ba00 0000 
  0x000002bce5b15d00: 80bc 0200 | 0049 2bca | 8948 0848 | 33c9 8948 | 0c48 33c9 | 4889 4810 

  0x000002bce5b15d18: ;   {metadata(method data for {method} {0x000002bcfa0a6480} 'defineClass' '(Ljava/lang/String;Ljdk/internal/loader/Resource;)Ljava/lang/Class;' in 'java/net/URLClassLoader')}
  0x000002bce5b15d18: 4c8b c048 | bae0 dc3b | fabc 0200 | 0048 8382 | 9003 0000 

  0x000002bce5b15d2c: ;   {metadata(method data for {method} {0x000002bc80461cf8} '<init>' '()V' in 'java/lang/StringBuilder')}
  0x000002bce5b15d2c: 0149 b8d8 | b700 fabc | 0200 0041 | 8b90 cc00 | 0000 83c2 | 0241 8990 | cc00 0000 | 81e2 feff 
  0x000002bce5b15d4c: 1f00 85d2 | 0f84 c306 | 0000 4c8b 

  0x000002bce5b15d58: ;   {metadata(method data for {method} {0x000002bc80461cf8} '<init>' '()V' in 'java/lang/StringBuilder')}
  0x000002bce5b15d58: c048 bad8 | b700 fabc | 0200 0048 | 8382 1001 | 0000 0141 | b810 0000 | 0048 8bd0 | 4889 8424 
  0x000002bce5b15d78: 4001 0000 

  0x000002bce5b15d7c: ;   {optimized virtual_call}
  0x000002bce5b15d7c: 6666 90e8 

  0x000002bce5b15d80: ; ImmutableOopMap {[256]=Oop [320]=Oop [328]=Oop }
                      ;*invokespecial <init> {reexecute=0 rethrow=0 return_oop=0}
                      ; - java.lang.StringBuilder::<init>@3
                      ; - java.net.URLClassLoader::defineClass@111
  0x000002bce5b15d80: fc89 2607 

  0x000002bce5b15d84: ;   {other}
  0x000002bce5b15d84: 0f1f 8400 | 741d 0019 | 488b 8424 | 4001 0000 

  0x000002bce5b15d94: ;   {metadata(method data for {method} {0x000002bcfa0a6480} 'defineClass' '(Ljava/lang/String;Ljdk/internal/loader/Resource;)Ljava/lang/Class;' in 'java/net/URLClassLoader')}
  0x000002bce5b15d94: 49b8 e0dc | 3bfa bc02 | 0000 4983 | 80a0 0300 

  0x000002bce5b15da4: ;   {metadata(method data for {method} {0x000002bc80461ae8} 'append' '(Ljava/lang/String;)Ljava/lang/StringBuilder;' in 'java/lang/StringBuilder')}
  0x000002bce5b15da4: 0001 49b8 | c8ba 00fa | bc02 0000 | 418b 90cc | 0000 0083 | c202 4189 | 90cc 0000 | 0081 e2fe 
  0x000002bce5b15dc4: ff1f 0085 | d20f 846b | 0600 0048 | 8b84 2440 

  0x000002bce5b15dd4: ;   {metadata(method data for {method} {0x000002bc80461ae8} 'append' '(Ljava/lang/String;)Ljava/lang/StringBuilder;' in 'java/lang/StringBuilder')}
  0x000002bce5b15dd4: 0100 0049 | b8c8 ba00 | fabc 0200 | 0049 8380 | 1001 0000 

  0x000002bce5b15de8: ;   {oop("Cannot find package "{0x0000000080000740})}
  0x000002bce5b15de8: 0149 b840 | 0700 8000 | 0000 0048 | 8b94 2440 | 0100 000f 

  0x000002bce5b15dfc: ;   {optimized virtual_call}
  0x000002bce5b15dfc: 1f40 00e8 

  0x000002bce5b15e00: ; ImmutableOopMap {[256]=Oop [320]=Oop [328]=Oop }
                      ;*invokespecial append {reexecute=0 rethrow=0 return_oop=0}
                      ; - java.lang.StringBuilder::append@2
                      ; - java.net.URLClassLoader::defineClass@116
  0x000002bce5b15e00: 7c89 2607 

  0x000002bce5b15e04: ;   {other}
  0x000002bce5b15e04: 0f1f 8400 | f41d 001a | 488b 8424 | 4001 0000 

  0x000002bce5b15e14: ;   {metadata(method data for {method} {0x000002bcfa0a6480} 'defineClass' '(Ljava/lang/String;Ljdk/internal/loader/Resource;)Ljava/lang/Class;' in 'java/net/URLClassLoader')}
  0x000002bce5b15e14: 49b8 e0dc | 3bfa bc02 | 0000 4983 | 80d8 0300 

  0x000002bce5b15e24: ;   {metadata(method data for {method} {0x000002bc80461ae8} 'append' '(Ljava/lang/String;)Ljava/lang/StringBuilder;' in 'java/lang/StringBuilder')}
  0x000002bce5b15e24: 0001 49b8 | c8ba 00fa | bc02 0000 | 418b 90cc | 0000 0083 | c202 4189 | 90cc 0000 | 0081 e2fe 
  0x000002bce5b15e44: ff1f 0085 | d20f 840c | 0600 0048 | 8b84 2440 

  0x000002bce5b15e54: ;   {metadata(method data for {method} {0x000002bc80461ae8} 'append' '(Ljava/lang/String;)Ljava/lang/StringBuilder;' in 'java/lang/StringBuilder')}
  0x000002bce5b15e54: 0100 0049 | b8c8 ba00 | fabc 0200 | 0049 8380 | 1001 0000 | 014c 8b84 | 2400 0100 | 0048 8b94 
  0x000002bce5b15e74: 2440 0100 | 0066 0f1f 

  0x000002bce5b15e7c: ;   {optimized virtual_call}
  0x000002bce5b15e7c: 4400 00e8 

  0x000002bce5b15e80: ; ImmutableOopMap {[320]=Oop [328]=Oop }
                      ;*invokespecial append {reexecute=0 rethrow=0 return_oop=0}
                      ; - java.lang.StringBuilder::append@2
                      ; - java.net.URLClassLoader::defineClass@121
  0x000002bce5b15e80: fc88 2607 

  0x000002bce5b15e84: ;   {other}
  0x000002bce5b15e84: 0f1f 8400 | 741e 001b | 488b 8424 | 4001 0000 

  0x000002bce5b15e94: ;   {metadata(method data for {method} {0x000002bcfa0a6480} 'defineClass' '(Ljava/lang/String;Ljdk/internal/loader/Resource;)Ljava/lang/Class;' in 'java/net/URLClassLoader')}
  0x000002bce5b15e94: 48ba e0dc | 3bfa bc02 | 0000 4883 | 8210 0400 

  0x000002bce5b15ea4: ;   {metadata(method data for {method} {0x000002bc80008958} 'toString' '()Ljava/lang/String;' in 'java/lang/StringBuilder')}
  0x000002bce5b15ea4: 0001 48ba | 20c2 00fa | bc02 0000 | 8bb2 cc00 | 0000 83c6 | 0289 b2cc | 0000 0081 | e6fe ff1f 
  0x000002bce5b15ec4: 0085 f60f | 84af 0500 

  0x000002bce5b15ecc: ;   {metadata('java/lang/String')}
  0x000002bce5b15ecc: 0048 ba78 | e800 80bc | 0200 0049 | 8b87 b801 | 0000 488d | 7818 493b | bfc8 0100 | 000f 87ae 
  0x000002bce5b15eec: 0500 0049 | 89bf b801 | 0000 48c7 | 0001 0000 | 0048 8bca | 49ba 0000 | 0080 bc02 | 0000 492b 
  0x000002bce5b15f0c: ca89 4808 | 4833 c989 | 480c 4833 | c948 8948 | 104c 8bc0 

  0x000002bce5b15f20: ;   {metadata(method data for {method} {0x000002bc80008958} 'toString' '()Ljava/lang/String;' in 'java/lang/StringBuilder')}
  0x000002bce5b15f20: 49b9 20c2 | 00fa bc02 | 0000 4983 | 8110 0100 

  0x000002bce5b15f30: ;   {metadata(method data for {method} {0x000002bc80455dd8} '<init>' '(Ljava/lang/StringBuilder;)V' in 'java/lang/String')}
  0x000002bce5b15f30: 0001 49b8 | 68c3 00fa | bc02 0000 | 458b 88cc | 0000 0041 | 83c1 0245 | 8988 cc00 | 0000 4181 
  0x000002bce5b15f50: e1fe ff1f | 0045 85c9 | 0f84 4c05 | 0000 4c8b 

  0x000002bce5b15f60: ;   {metadata(method data for {method} {0x000002bc80455dd8} '<init>' '(Ljava/lang/StringBuilder;)V' in 'java/lang/String')}
  0x000002bce5b15f60: c049 b968 | c300 fabc | 0200 0049 | 8381 1001 | 0000 014c | 8b84 2440 

  0x000002bce5b15f78: ;   {oop(nullptr)}
  0x000002bce5b15f78: 0100 0049 | b900 0000 | 0000 0000 | 0048 8bd0 | 4889 8424 | 5001 0000 | 0f1f 8000 

  0x000002bce5b15f94: ;   {optimized virtual_call}
  0x000002bce5b15f94: 0000 00e8 

  0x000002bce5b15f98: ; ImmutableOopMap {[328]=Oop [336]=Oop }
                      ;*invokespecial <init> {reexecute=0 rethrow=0 return_oop=0}
                      ; - java.lang.String::<init>@3
                      ; - java.lang.StringBuilder::toString@5
                      ; - java.net.URLClassLoader::defineClass@124
  0x000002bce5b15f98: e487 2607 

  0x000002bce5b15f9c: ;   {other}
  0x000002bce5b15f9c: 0f1f 8400 | 8c1f 001c | 488b 8424 | 4801 0000 

  0x000002bce5b15fac: ;   {metadata(method data for {method} {0x000002bcfa0a6480} 'defineClass' '(Ljava/lang/String;Ljdk/internal/loader/Resource;)Ljava/lang/Class;' in 'java/net/URLClassLoader')}
  0x000002bce5b15fac: 49b8 e0dc | 3bfa bc02 | 0000 4983 | 8048 0400 | 0001 4c8b | 8424 5001 | 0000 488b | 9424 4801 
  0x000002bce5b15fcc: ;   {optimized virtual_call}
  0x000002bce5b15fcc: 0000 90e8 

  0x000002bce5b15fd0: ; ImmutableOopMap {[328]=Oop }
                      ;*invokespecial <init> {reexecute=0 rethrow=0 return_oop=0}
                      ; - java.net.URLClassLoader::defineClass@127
  0x000002bce5b15fd0: ac87 2607 

  0x000002bce5b15fd4: ;   {other}
  0x000002bce5b15fd4: 0f1f 8400 | c41f 001d | 488b 8424 | 4801 0000 | e915 0500 | 0049 8b87 | 0005 0000 | 4d33 d24d 
  0x000002bce5b15ff4: 8997 0005 | 0000 4d33 | d24d 8997 | 0805 0000 | 488b f048 | 8d84 2458 | 0100 0048 | 8b38 4885 
  0x000002bce5b16014: ff0f 840f | 0000 0048 | 8b58 08f0 | 480f b13b | 0f85 a104 | 0000 49ff | 8f50 0500 | 0048 8bc6 
  0x000002bce5b16034: e9c5 0400 

  0x000002bce5b16038: ;   {metadata({method} {0x000002bcfa0a6480} 'defineClass' '(Ljava/lang/String;Ljdk/internal/loader/Resource;)Ljava/lang/Class;' in 'java/net/URLClassLoader')}
  0x000002bce5b16038: 0049 ba78 | 640a fabc | 0200 004c | 8954 2408 | 48c7 0424 | ffff ffff 

  0x000002bce5b16050: ;   {runtime_call counter_overflow Runtime1 stub}
  0x000002bce5b16050: e82b fc31 

  0x000002bce5b16054: ; ImmutableOopMap {rdx=Oop r8=Oop r9=Oop [216]=Oop [224]=Oop [232]=Oop }
                      ;*synchronization entry
                      ; - java.net.URLClassLoader::defineClass@-1
  0x000002bce5b16054: 07e9 24e5 

  0x000002bce5b16058: ;   {runtime_call throw_null_pointer_exception Runtime1 stub}
  0x000002bce5b16058: ffff e8a1 

  0x000002bce5b1605c: ; ImmutableOopMap {r8=Oop [216]=Oop [224]=Oop [232]=Oop }
                      ;*invokevirtual lastIndexOf {reexecute=0 rethrow=0 return_oop=0}
                      ; - java.net.URLClassLoader::defineClass@7
                      ;   {metadata({method} {0x000002bc80453d30} 'lastIndexOf' '(I)I' in 'java/lang/String')}
  0x000002bce5b1605c: bf28 0749 | ba28 3d45 | 80bc 0200 | 004c 8954 | 2408 48c7 | 0424 ffff 

  0x000002bce5b16074: ;   {runtime_call counter_overflow Runtime1 stub}
  0x000002bce5b16074: ffff e805 

  0x000002bce5b16078: ; ImmutableOopMap {r8=Oop [216]=Oop [224]=Oop [232]=Oop }
                      ;*synchronization entry
                      ; - java.lang.String::lastIndexOf@-1
                      ; - java.net.URLClassLoader::defineClass@7
  0x000002bce5b16078: fc31 07e9 | 73e5 ffff 

  0x000002bce5b16080: ;   {metadata({method} {0x000002bc8000ee90} 'length' '()I' in 'java/lang/String')}
  0x000002bce5b16080: 49ba 88ee | 0080 bc02 | 0000 4c89 | 5424 0848 | c704 24ff 

  0x000002bce5b16094: ;   {runtime_call counter_overflow Runtime1 stub}
  0x000002bce5b16094: ffff ffe8 

  0x000002bce5b16098: ; ImmutableOopMap {r8=Oop [216]=Oop [224]=Oop [232]=Oop }
                      ;*synchronization entry
                      ; - java.lang.String::length@-1
                      ; - java.lang.String::lastIndexOf@3
                      ; - java.net.URLClassLoader::defineClass@7
  0x000002bce5b16098: e4fb 3107 | e98e e5ff 

  0x000002bce5b160a0: ;   {runtime_call throw_null_pointer_exception Runtime1 stub}
  0x000002bce5b160a0: ffe8 5abf 

  0x000002bce5b160a4: ; ImmutableOopMap {r8=Oop rsi=Oop [216]=Oop [224]=Oop [232]=Oop }
                      ;*arraylength {reexecute=0 rethrow=0 return_oop=0}
                      ; - java.lang.String::length@4
                      ; - java.lang.String::lastIndexOf@3
                      ; - java.net.URLClassLoader::defineClass@7
                      ;   {metadata({method} {0x000002bc80455018} 'coder' '()B' in 'java/lang/String')}
  0x000002bce5b160a4: 2807 49ba | 1050 4580 | bc02 0000 | 4c89 5424 | 0848 c704 | 24ff ffff 

  0x000002bce5b160bc: ;   {runtime_call counter_overflow Runtime1 stub}
  0x000002bce5b160bc: ffe8 befb 

  0x000002bce5b160c0: ; ImmutableOopMap {r8=Oop rsi=Oop [216]=Oop [224]=Oop [232]=Oop }
                      ;*synchronization entry
                      ; - java.lang.String::coder@-1
                      ; - java.lang.String::length@6
                      ; - java.lang.String::lastIndexOf@3
                      ; - java.net.URLClassLoader::defineClass@7
  0x000002bce5b160c0: 3107 e9b0 

  0x000002bce5b160c4: ;   {metadata({method} {0x000002bc80453c80} 'lastIndexOf' '(II)I' in 'java/lang/String')}
  0x000002bce5b160c4: e5ff ff49 | ba78 3c45 | 80bc 0200 | 004c 8954 | 2408 48c7 | 0424 ffff 

  0x000002bce5b160dc: ;   {runtime_call counter_overflow Runtime1 stub}
  0x000002bce5b160dc: ffff e89d 

  0x000002bce5b160e0: ; ImmutableOopMap {r8=Oop rsi=Oop [216]=Oop [224]=Oop [232]=Oop }
                      ;*synchronization entry
                      ; - java.lang.String::lastIndexOf@-1
                      ; - java.lang.String::lastIndexOf@8
                      ; - java.net.URLClassLoader::defineClass@7
  0x000002bce5b160e0: fb31 07e9 | 00e6 ffff 

  0x000002bce5b160e8: ;   {metadata({method} {0x000002bc80454410} 'isLatin1' '()Z' in 'java/lang/String')}
  0x000002bce5b160e8: 49ba 0844 | 4580 bc02 | 0000 4c89 | 5424 0848 | c704 24ff 

  0x000002bce5b160fc: ;   {runtime_call counter_overflow Runtime1 stub}
  0x000002bce5b160fc: ffff ffe8 

  0x000002bce5b16100: ; ImmutableOopMap {r8=Oop rsi=Oop [216]=Oop [224]=Oop [232]=Oop }
                      ;*synchronization entry
                      ; - java.lang.String::isLatin1@-1
                      ; - java.lang.String::lastIndexOf@1
                      ; - java.lang.String::lastIndexOf@8
                      ; - java.net.URLClassLoader::defineClass@7
  0x000002bce5b16100: 7cfb 3107 | e91b e6ff 

  0x000002bce5b16108: ;   {runtime_call throw_null_pointer_exception Runtime1 stub}
  0x000002bce5b16108: ffe8 f2be 

  0x000002bce5b1610c: ; ImmutableOopMap {r9=Oop [216]=Oop [224]=Oop [232]=Oop }
                      ;*invokevirtual getCodeSourceURL {reexecute=0 rethrow=0 return_oop=0}
                      ; - java.net.URLClassLoader::defineClass@13
                      ;   {metadata({method} {0x000002bc80212970} 'getCodeSourceURL' '()Ljava/net/URL;' in 'jdk/internal/loader/URLClassPath$JarLoader$2')}
  0x000002bce5b1610c: 2807 49ba | 6829 2180 | bc02 0000 | 4c89 5424 | 0848 c704 | 24ff ffff 

  0x000002bce5b16124: ;   {runtime_call counter_overflow Runtime1 stub}
  0x000002bce5b16124: ffe8 56fb 

  0x000002bce5b16128: ; ImmutableOopMap {r9=Oop [216]=Oop [224]=Oop [232]=Oop }
                      ;*synchronization entry
                      ; - jdk.internal.loader.URLClassPath$JarLoader$2::getCodeSourceURL@-1
                      ; - java.net.URLClassLoader::defineClass@13
  0x000002bce5b16128: 3107 e93e 

  0x000002bce5b1612c: ;   {runtime_call throw_null_pointer_exception Runtime1 stub}
  0x000002bce5b1612c: e7ff ffe8 

  0x000002bce5b16130: ; ImmutableOopMap {r9=Oop [216]=Oop [224]=Oop [232]=Oop }
                      ;*getfield csu {reexecute=1 rethrow=0 return_oop=0}
                      ; - (reexecute) jdk.internal.loader.URLClassPath$JarLoader$2::getCodeSourceURL@4
                      ; - java.net.URLClassLoader::defineClass@13
  0x000002bce5b16130: ccbe 2807 

  0x000002bce5b16134: ;   {metadata({method} {0x000002bc802129c8} 'getManifest' '()Ljava/util/jar/Manifest;' in 'jdk/internal/loader/URLClassPath$JarLoader$2')}
  0x000002bce5b16134: 49ba c029 | 2180 bc02 | 0000 4c89 | 5424 0848 | c704 24ff 

  0x000002bce5b16148: ;   {runtime_call counter_overflow Runtime1 stub}
  0x000002bce5b16148: ffff ffe8 

  0x000002bce5b1614c: ; ImmutableOopMap {rax=Oop [216]=Oop [224]=Oop [232]=Oop [248]=Oop [256]=Oop }
                      ;*synchronization entry
                      ; - jdk.internal.loader.URLClassPath$JarLoader$2::getManifest@-1
                      ; - java.net.URLClassLoader::defineClass@34
  0x000002bce5b1614c: 30fb 3107 | e9d8 e7ff 

  0x000002bce5b16154: ;   {metadata({method} {0x000002bc80473d98} 'javaUtilJarAccess' '()Ljdk/internal/access/JavaUtilJarAccess;' in 'jdk/internal/access/SharedSecrets')}
  0x000002bce5b16154: ff49 ba90 | 3d47 80bc | 0200 004c | 8954 2408 | 48c7 0424 | ffff ffff 

  0x000002bce5b1616c: ;   {runtime_call counter_overflow Runtime1 stub}
  0x000002bce5b1616c: e80f fb31 

  0x000002bce5b16170: ; ImmutableOopMap {rax=Oop [216]=Oop [224]=Oop [232]=Oop [248]=Oop [256]=Oop }
                      ;*synchronization entry
                      ; - jdk.internal.access.SharedSecrets::javaUtilJarAccess@-1
                      ; - jdk.internal.loader.URLClassPath$JarLoader$2::getManifest@0
                      ; - java.net.URLClassLoader::defineClass@34
  0x000002bce5b16170: 07e9 f0e7 

  0x000002bce5b16174: ;   {metadata({method} {0x000002bc80474058} 'ensureClassInitialized' '(Ljava/lang/Class;)V' in 'jdk/internal/access/SharedSecrets')}
  0x000002bce5b16174: ffff 49ba | 5040 4780 | bc02 0000 | 4c89 5424 | 0848 c704 | 24ff ffff 

  0x000002bce5b1618c: ;   {runtime_call counter_overflow Runtime1 stub}
  0x000002bce5b1618c: ffe8 eefa 

  0x000002bce5b16190: ; ImmutableOopMap {[216]=Oop [224]=Oop [232]=Oop [248]=Oop [256]=Oop }
                      ;*synchronization entry
                      ; - jdk.internal.access.SharedSecrets::ensureClassInitialized@-1
                      ; - jdk.internal.access.SharedSecrets::javaUtilJarAccess@10
                      ; - jdk.internal.loader.URLClassPath$JarLoader$2::getManifest@0
                      ; - java.net.URLClassLoader::defineClass@34
  0x000002bce5b16190: 3107 e947 

  0x000002bce5b16194: ;   {metadata({method} {0x000002bc803f0a98} 'lookup' '()Ljava/lang/invoke/MethodHandles$Lookup;' in 'java/lang/invoke/MethodHandles')}
  0x000002bce5b16194: e8ff ff49 | ba90 0a3f | 80bc 0200 | 004c 8954 | 2408 48c7 | 0424 ffff 

  0x000002bce5b161ac: ;   {runtime_call counter_overflow Runtime1 stub}
  0x000002bce5b161ac: ffff e8cd 

  0x000002bce5b161b0: ; ImmutableOopMap {[216]=Oop [224]=Oop [232]=Oop [248]=Oop [256]=Oop }
                      ;*synchronization entry
                      ; - java.lang.invoke.MethodHandles::lookup@-1
                      ; - jdk.internal.access.SharedSecrets::ensureClassInitialized@0
                      ; - jdk.internal.access.SharedSecrets::javaUtilJarAccess@10
                      ; - jdk.internal.loader.URLClassPath$JarLoader$2::getManifest@0
                      ; - java.net.URLClassLoader::defineClass@34
  0x000002bce5b161b0: fa31 07e9 | 5fe8 ffff 

  0x000002bce5b161b8: ;   {runtime_call fast_new_instance Runtime1 stub}
  0x000002bce5b161b8: 488b d2e8 

  0x000002bce5b161bc: ; ImmutableOopMap {r8=Oop [216]=Oop [224]=Oop [232]=Oop [248]=Oop [256]=Oop }
                      ;*new {reexecute=0 rethrow=0 return_oop=0}
                      ; - java.lang.invoke.MethodHandles::lookup@18
                      ; - jdk.internal.access.SharedSecrets::ensureClassInitialized@0
                      ; - jdk.internal.access.SharedSecrets::javaUtilJarAccess@10
                      ; - jdk.internal.loader.URLClassPath$JarLoader$2::getManifest@0
                      ; - java.net.URLClassLoader::defineClass@34
  0x000002bce5b161bc: 40b5 2807 | e9fd e8ff 

  0x000002bce5b161c4: ;   {metadata({method} {0x000002bc803e21b0} '<init>' '(Ljava/lang/Class;)V' in 'java/lang/invoke/MethodHandles$Lookup')}
  0x000002bce5b161c4: ff49 baa8 | 213e 80bc | 0200 004c | 8954 2408 | 48c7 0424 | ffff ffff 

  0x000002bce5b161dc: ;   {runtime_call counter_overflow Runtime1 stub}
  0x000002bce5b161dc: e89f fa31 

  0x000002bce5b161e0: ; ImmutableOopMap {r8=Oop rax=Oop [216]=Oop [224]=Oop [232]=Oop [248]=Oop [256]=Oop }
                      ;*synchronization entry
                      ; - java.lang.invoke.MethodHandles$Lookup::<init>@-1
                      ; - java.lang.invoke.MethodHandles::lookup@23
                      ; - jdk.internal.access.SharedSecrets::ensureClassInitialized@0
                      ; - jdk.internal.access.SharedSecrets::javaUtilJarAccess@10
                      ; - jdk.internal.loader.URLClassPath$JarLoader$2::getManifest@0
                      ; - java.net.URLClassLoader::defineClass@34
  0x000002bce5b161e0: 07e9 1ae9 

  0x000002bce5b161e4: ;   {metadata(nullptr)}
  0x000002bce5b161e4: ffff 48ba | 0000 0000 | 0000 0000 | b800 0f05 

  0x000002bce5b161f4: ;   {runtime_call load_klass_patching Runtime1 stub}
  0x000002bce5b161f4: 0ae8 06ea 

  0x000002bce5b161f8: ; ImmutableOopMap {[216]=Oop [224]=Oop [232]=Oop [248]=Oop [256]=Oop }
                      ;*new {reexecute=1 rethrow=0 return_oop=0}
                      ; - (reexecute) java.lang.invoke.MethodHandles::lookup@8
                      ; - jdk.internal.access.SharedSecrets::ensureClassInitialized@0
                      ; - jdk.internal.access.SharedSecrets::javaUtilJarAccess@10
                      ; - jdk.internal.loader.URLClassPath$JarLoader$2::getManifest@0
                      ; - java.net.URLClassLoader::defineClass@34
  0x000002bce5b161f8: 3107 e991 | e9ff ff48 

  0x000002bce5b16200: ;   {runtime_call new_instance Runtime1 stub}
  0x000002bce5b16200: 8bd2 e8f9 

  0x000002bce5b16204: ; ImmutableOopMap {[216]=Oop [224]=Oop [232]=Oop [248]=Oop [256]=Oop }
                      ;*new {reexecute=0 rethrow=0 return_oop=0}
                      ; - java.lang.invoke.MethodHandles::lookup@8
                      ; - jdk.internal.access.SharedSecrets::ensureClassInitialized@0
                      ; - jdk.internal.access.SharedSecrets::javaUtilJarAccess@10
                      ; - jdk.internal.loader.URLClassPath$JarLoader$2::getManifest@0
                      ; - java.net.URLClassLoader::defineClass@34
  0x000002bce5b16204: b728 07e9 | 93e9 ffff 

  0x000002bce5b1620c: ;   {runtime_call throw_null_pointer_exception Runtime1 stub}
  0x000002bce5b1620c: e8ef bd28 

  0x000002bce5b16210: ; ImmutableOopMap {rsi=Oop r9=Oop [216]=Oop [224]=Oop [232]=Oop [248]=Oop [256]=Oop }
                      ;*getfield jar {reexecute=1 rethrow=0 return_oop=0}
                      ; - (reexecute) jdk.internal.loader.URLClassPath$JarLoader$2::getManifest@7
                      ; - java.net.URLClassLoader::defineClass@34
                      ;   {runtime_call throw_incompatible_class_change_error Runtime1 stub}
  0x000002bce5b16210: 07e8 6ad0 

  0x000002bce5b16214: ; ImmutableOopMap {rsi=Oop r9=Oop rdx=Oop [216]=Oop [224]=Oop [232]=Oop [248]=Oop [256]=Oop }
                      ;*invokeinterface ensureInitialization {reexecute=0 rethrow=0 return_oop=0}
                      ; - jdk.internal.loader.URLClassPath$JarLoader$2::getManifest@10
                      ; - java.net.URLClassLoader::defineClass@34
                      ;   {runtime_call throw_null_pointer_exception Runtime1 stub}
  0x000002bce5b16214: 3107 e8e5 

  0x000002bce5b16218: ; ImmutableOopMap {rsi=Oop r9=Oop rdx=Oop [216]=Oop [224]=Oop [232]=Oop [248]=Oop [256]=Oop }
                      ;*invokeinterface ensureInitialization {reexecute=0 rethrow=0 return_oop=0}
                      ; - jdk.internal.loader.URLClassPath$JarLoader$2::getManifest@10
                      ; - java.net.URLClassLoader::defineClass@34
                      ;   {metadata({method} {0x000002bc80315f40} 'ensureInitialization' '(Ljava/util/jar/JarFile;)V' in 'java/util/jar/JavaUtilJarAccessImpl')}
  0x000002bce5b16218: bd28 0749 | ba38 5f31 | 80bc 0200 | 004c 8954 | 2408 48c7 | 0424 ffff 

  0x000002bce5b16230: ;   {runtime_call counter_overflow Runtime1 stub}
  0x000002bce5b16230: ffff e849 

  0x000002bce5b16234: ; ImmutableOopMap {r9=Oop rdx=Oop [216]=Oop [224]=Oop [232]=Oop [248]=Oop [256]=Oop }
                      ;*synchronization entry
                      ; - java.util.jar.JavaUtilJarAccessImpl::ensureInitialization@-1
                      ; - jdk.internal.loader.URLClassPath$JarLoader$2::getManifest@10
                      ; - java.net.URLClassLoader::defineClass@34
  0x000002bce5b16234: fa31 07e9 | 66ea ffff 

  0x000002bce5b1623c: ;   {runtime_call throw_null_pointer_exception Runtime1 stub}
  0x000002bce5b1623c: e8bf bd28 

  0x000002bce5b16240: ; ImmutableOopMap {r9=Oop rdx=Oop [216]=Oop [224]=Oop [232]=Oop [248]=Oop [256]=Oop }
                      ;*invokevirtual ensureInitialization {reexecute=0 rethrow=0 return_oop=0}
                      ; - java.util.jar.JavaUtilJarAccessImpl::ensureInitialization@1
                      ; - jdk.internal.loader.URLClassPath$JarLoader$2::getManifest@10
                      ; - java.net.URLClassLoader::defineClass@34
                      ;   {runtime_call throw_null_pointer_exception Runtime1 stub}
  0x000002bce5b16240: 07e8 babd 

  0x000002bce5b16244: ; ImmutableOopMap {r9=Oop [216]=Oop [224]=Oop [232]=Oop [248]=Oop [256]=Oop }
                      ;*getfield jar {reexecute=1 rethrow=0 return_oop=0}
                      ; - (reexecute) jdk.internal.loader.URLClassPath$JarLoader$2::getManifest@19
                      ; - java.net.URLClassLoader::defineClass@34
                      ;   {runtime_call throw_null_pointer_exception Runtime1 stub}
  0x000002bce5b16244: 2807 e8b5 

  0x000002bce5b16248: ; ImmutableOopMap {r9=Oop rdx=Oop [216]=Oop [224]=Oop [232]=Oop [248]=Oop [256]=Oop }
                      ;*invokevirtual getManifest {reexecute=0 rethrow=0 return_oop=0}
                      ; - jdk.internal.loader.URLClassPath$JarLoader$2::getManifest@22
                      ; - java.net.URLClassLoader::defineClass@34
                      ;   {metadata({method} {0x000002bc8016ff28} 'getByteBuffer' '()Ljava/nio/ByteBuffer;' in 'jdk/internal/loader/Resource')}
  0x000002bce5b16248: bd28 0749 | ba20 ff16 | 80bc 0200 | 004c 8954 | 2408 48c7 | 0424 ffff 

  0x000002bce5b16260: ;   {runtime_call counter_overflow Runtime1 stub}
  0x000002bce5b16260: ffff e819 

  0x000002bce5b16264: ; ImmutableOopMap {r9=Oop [216]=Oop [224]=Oop [232]=Oop [248]=Oop }
                      ;*synchronization entry
                      ; - jdk.internal.loader.Resource::getByteBuffer@-1
                      ; - java.net.URLClassLoader::defineClass@132
  0x000002bce5b16264: fa31 07e9 | a6ef ffff | 4c89 4c24 | 084c 8904 

  0x000002bce5b16274: ;   {runtime_call monitorenter_nofpu Runtime1 stub}
  0x000002bce5b16274: 24e8 06d9 

  0x000002bce5b16278: ; ImmutableOopMap {r9=Oop [216]=Oop [224]=Oop [232]=Oop [248]=Oop [352]=Oop }
                      ;*synchronization entry
                      ; - jdk.internal.loader.Resource::cachedInputStream@-1
                      ; - jdk.internal.loader.Resource::getByteBuffer@1
                      ; - java.net.URLClassLoader::defineClass@132
  0x000002bce5b16278: 3107 e9e2 

  0x000002bce5b1627c: ;   {metadata({method} {0x000002bc801701e8} 'cachedInputStream' '()Ljava/io/InputStream;' in 'jdk/internal/loader/Resource')}
  0x000002bce5b1627c: efff ff49 | bae0 0117 | 80bc 0200 | 004c 8954 | 2408 48c7 | 0424 ffff 

  0x000002bce5b16294: ;   {runtime_call counter_overflow Runtime1 stub}
  0x000002bce5b16294: ffff e8e5 

  0x000002bce5b16298: ; ImmutableOopMap {r9=Oop [216]=Oop [224]=Oop [232]=Oop [248]=Oop [352]=Oop }
                      ;*synchronization entry
                      ; - jdk.internal.loader.Resource::cachedInputStream@-1
                      ; - jdk.internal.loader.Resource::getByteBuffer@1
                      ; - java.net.URLClassLoader::defineClass@132
  0x000002bce5b16298: f931 07e9 | eaef ffff 

  0x000002bce5b162a0: ;   {metadata({method} {0x000002bc80212918} 'getInputStream' '()Ljava/io/InputStream;' in 'jdk/internal/loader/URLClassPath$JarLoader$2')}
  0x000002bce5b162a0: 49ba 1029 | 2180 bc02 | 0000 4c89 | 5424 0848 | c704 24ff 

  0x000002bce5b162b4: ;   {runtime_call counter_overflow Runtime1 stub}
  0x000002bce5b162b4: ffff ffe8 

  0x000002bce5b162b8: ; ImmutableOopMap {r9=Oop [216]=Oop [224]=Oop [232]=Oop [248]=Oop [352]=Oop }
                      ;*synchronization entry
                      ; - jdk.internal.loader.URLClassPath$JarLoader$2::getInputStream@-1
                      ; - jdk.internal.loader.Resource::cachedInputStream@9
                      ; - jdk.internal.loader.Resource::getByteBuffer@1
                      ; - java.net.URLClassLoader::defineClass@132
  0x000002bce5b162b8: c4f9 3107 | e93a f0ff 

  0x000002bce5b162c0: ;   {runtime_call throw_null_pointer_exception Runtime1 stub}
  0x000002bce5b162c0: ffe8 3abd 

  0x000002bce5b162c4: ; ImmutableOopMap {r9=Oop [216]=Oop [224]=Oop [232]=Oop [248]=Oop [352]=Oop }
                      ;*getfield jar {reexecute=1 rethrow=0 return_oop=0}
                      ; - (reexecute) jdk.internal.loader.URLClassPath$JarLoader$2::getInputStream@4
                      ; - jdk.internal.loader.Resource::cachedInputStream@9
                      ; - jdk.internal.loader.Resource::getByteBuffer@1
                      ; - java.net.URLClassLoader::defineClass@132
                      ;   {runtime_call throw_null_pointer_exception Runtime1 stub}
  0x000002bce5b162c4: 2807 e835 

  0x000002bce5b162c8: ; ImmutableOopMap {r9=Oop rdx=Oop r8=Oop [216]=Oop [224]=Oop [232]=Oop [248]=Oop [352]=Oop }
                      ;*invokevirtual getInputStream {reexecute=0 rethrow=0 return_oop=0}
                      ; - jdk.internal.loader.URLClassPath$JarLoader$2::getInputStream@11
                      ; - jdk.internal.loader.Resource::cachedInputStream@9
                      ; - jdk.internal.loader.Resource::getByteBuffer@1
                      ; - java.net.URLClassLoader::defineClass@132
  0x000002bce5b162c8: bd28 0748 | 8d84 2458 | 0100 0048 

  0x000002bce5b162d4: ;   {runtime_call monitorexit_nofpu Runtime1 stub}
  0x000002bce5b162d4: 8904 24e8 | a4de 3107 | e91d f1ff | ff48 8914 

  0x000002bce5b162e4: ;   {runtime_call throw_class_cast_exception Runtime1 stub}
  0x000002bce5b162e4: 24e8 96cc 

  0x000002bce5b162e8: ; ImmutableOopMap {[216]=Oop [224]=Oop [232]=Oop [248]=Oop }
                      ;*checkcast {reexecute=0 rethrow=0 return_oop=0}
                      ; - jdk.internal.loader.Resource::getByteBuffer@13
                      ; - java.net.URLClassLoader::defineClass@132
                      ;   {runtime_call throw_null_pointer_exception Runtime1 stub}
  0x000002bce5b162e8: 3107 e811 

  0x000002bce5b162ec: ; ImmutableOopMap {rdx=Oop [216]=Oop [224]=Oop [232]=Oop [248]=Oop }
                      ;*invokeinterface getByteBuffer {reexecute=0 rethrow=0 return_oop=0}
                      ; - jdk.internal.loader.Resource::getByteBuffer@16
                      ; - java.net.URLClassLoader::defineClass@132
                      ;   {metadata({method} {0x000002bc80212a20} 'getCodeSigners' '()[Ljava/security/CodeSigner;' in 'jdk/internal/loader/URLClassPath$JarLoader$2')}
  0x000002bce5b162ec: bd28 0749 | ba18 2a21 | 80bc 0200 | 004c 8954 | 2408 48c7 | 0424 ffff 

  0x000002bce5b16304: ;   {runtime_call counter_overflow Runtime1 stub}
  0x000002bce5b16304: ffff e875 

  0x000002bce5b16308: ; ImmutableOopMap {r9=Oop [216]=Oop [224]=Oop [232]=Oop [248]=Oop [288]=Oop }
                      ;*synchronization entry
                      ; - jdk.internal.loader.URLClassPath$JarLoader$2::getCodeSigners@-1
                      ; - java.net.URLClassLoader::defineClass@143
  0x000002bce5b16308: f931 07e9 | 77f4 ffff 

  0x000002bce5b16310: ;   {runtime_call throw_null_pointer_exception Runtime1 stub}
  0x000002bce5b16310: e8eb bc28 

  0x000002bce5b16314: ; ImmutableOopMap {rdx=Oop [216]=Oop [232]=Oop [248]=Oop [288]=Oop }
                      ;*invokevirtual getCodeSigners {reexecute=0 rethrow=0 return_oop=0}
                      ; - jdk.internal.loader.URLClassPath$JarLoader$2::getCodeSigners@4
                      ; - java.net.URLClassLoader::defineClass@143
  0x000002bce5b16314: 0748 8bd2 

  0x000002bce5b16318: ;   {runtime_call fast_new_instance Runtime1 stub}
  0x000002bce5b16318: e8e3 b328 

  0x000002bce5b1631c: ; ImmutableOopMap {r9=Oop [216]=Oop [232]=Oop [248]=Oop [288]=Oop }
                      ;*new {reexecute=0 rethrow=0 return_oop=0}
                      ; - java.net.URLClassLoader::defineClass@148
  0x000002bce5b1631c: 07e9 75f5 

  0x000002bce5b16320: ;   {metadata({method} {0x000002bc801042a8} 'getReadClassBytesTime' '()Ljdk/internal/perf/PerfCounter;' in 'jdk/internal/perf/PerfCounter')}
  0x000002bce5b16320: ffff 49ba | a042 1080 | bc02 0000 | 4c89 5424 | 0848 c704 | 24ff ffff 

  0x000002bce5b16338: ;   {runtime_call counter_overflow Runtime1 stub}
  0x000002bce5b16338: ffe8 42f9 

  0x000002bce5b1633c: ; ImmutableOopMap {[216]=Oop [232]=Oop [288]=Oop [296]=Oop }
                      ;*synchronization entry
                      ; - jdk.internal.perf.PerfCounter::getReadClassBytesTime@-1
                      ; - java.net.URLClassLoader::defineClass@161
  0x000002bce5b1633c: 3107 e9c4 

  0x000002bce5b16340: ;   {internal_word}
  0x000002bce5b16340: f5ff ff49 | ba9c 59b1 | e5bc 0200 | 004d 8997 | 6804 0000 

  0x000002bce5b16354: ;   {runtime_call SafepointBlob}
  0x000002bce5b16354: e9a7 e726 

  0x000002bce5b16358: ;   {metadata({method} {0x000002bc80212a20} 'getCodeSigners' '()[Ljava/security/CodeSigner;' in 'jdk/internal/loader/URLClassPath$JarLoader$2')}
  0x000002bce5b16358: 0749 ba18 | 2a21 80bc | 0200 004c | 8954 2408 | 48c7 0424 | ffff ffff 

  0x000002bce5b16370: ;   {runtime_call counter_overflow Runtime1 stub}
  0x000002bce5b16370: e80b f931 

  0x000002bce5b16374: ; ImmutableOopMap {rax=Oop [216]=Oop [224]=Oop [232]=Oop [248]=Oop }
                      ;*synchronization entry
                      ; - jdk.internal.loader.URLClassPath$JarLoader$2::getCodeSigners@-1
                      ; - java.net.URLClassLoader::defineClass@185
  0x000002bce5b16374: 07e9 a3f6 

  0x000002bce5b16378: ;   {runtime_call throw_null_pointer_exception Runtime1 stub}
  0x000002bce5b16378: ffff e881 

  0x000002bce5b1637c: ; ImmutableOopMap {rax=Oop rdx=Oop [216]=Oop [232]=Oop [248]=Oop }
                      ;*invokevirtual getCodeSigners {reexecute=0 rethrow=0 return_oop=0}
                      ; - jdk.internal.loader.URLClassPath$JarLoader$2::getCodeSigners@4
                      ; - java.net.URLClassLoader::defineClass@185
  0x000002bce5b1637c: bc28 0748 

  0x000002bce5b16380: ;   {runtime_call fast_new_instance Runtime1 stub}
  0x000002bce5b16380: 8bd2 e879 

  0x000002bce5b16384: ; ImmutableOopMap {r9=Oop [216]=Oop [232]=Oop [248]=Oop [304]=Oop }
                      ;*new {reexecute=0 rethrow=0 return_oop=0}
                      ; - java.net.URLClassLoader::defineClass@190
  0x000002bce5b16384: b328 07e9 | b3f7 ffff 

  0x000002bce5b1638c: ;   {metadata({method} {0x000002bc801042a8} 'getReadClassBytesTime' '()Ljdk/internal/perf/PerfCounter;' in 'jdk/internal/perf/PerfCounter')}
  0x000002bce5b1638c: 49ba a042 | 1080 bc02 | 0000 4c89 | 5424 0848 | c704 24ff 

  0x000002bce5b163a0: ;   {runtime_call counter_overflow Runtime1 stub}
  0x000002bce5b163a0: ffff ffe8 

  0x000002bce5b163a4: ; ImmutableOopMap {[216]=Oop [232]=Oop [304]=Oop [312]=Oop }
                      ;*synchronization entry
                      ; - jdk.internal.perf.PerfCounter::getReadClassBytesTime@-1
                      ; - java.net.URLClassLoader::defineClass@203
  0x000002bce5b163a4: d8f8 3107 | e902 f8ff 

  0x000002bce5b163ac: ;   {runtime_call throw_null_pointer_exception Runtime1 stub}
  0x000002bce5b163ac: ffe8 4ebc 

  0x000002bce5b163b0: ; ImmutableOopMap {rax=Oop [216]=Oop [232]=Oop [312]=Oop }
                      ;*arraylength {reexecute=0 rethrow=0 return_oop=0}
                      ; - java.net.URLClassLoader::defineClass@217
                      ;   {internal_word}
  0x000002bce5b163b0: 2807 49ba | 445c b1e5 | bc02 0000 | 4d89 9768 

  0x000002bce5b163c0: ;   {runtime_call SafepointBlob}
  0x000002bce5b163c0: 0400 00e9 | 38e7 2607 

  0x000002bce5b163c8: ;   {metadata(nullptr)}
  0x000002bce5b163c8: 48ba 0000 | 0000 0000 | 0000 b800 

  0x000002bce5b163d4: ;   {runtime_call load_klass_patching Runtime1 stub}
  0x000002bce5b163d4: 0f05 0ae8 

  0x000002bce5b163d8: ; ImmutableOopMap {[256]=Oop }
                      ;*new {reexecute=1 rethrow=0 return_oop=0}
                      ; - (reexecute) java.net.URLClassLoader::defineClass@103
  0x000002bce5b163d8: 24e8 3107 | e977 f8ff 

  0x000002bce5b163e0: ;   {runtime_call throw_null_pointer_exception Runtime1 stub}
  0x000002bce5b163e0: ffe8 1abc 

  0x000002bce5b163e4: ; ImmutableOopMap {[256]=Oop }
                      ;*new {reexecute=0 rethrow=0 return_oop=0}
                      ; - java.net.URLClassLoader::defineClass@103
  0x000002bce5b163e4: 2807 488b 

  0x000002bce5b163e8: ;   {runtime_call fast_new_instance_init_check Runtime1 stub}
  0x000002bce5b163e8: d2e8 12b0 

  0x000002bce5b163ec: ; ImmutableOopMap {[256]=Oop }
                      ;*new {reexecute=0 rethrow=0 return_oop=0}
                      ; - java.net.URLClassLoader::defineClass@103
  0x000002bce5b163ec: 2807 e9ca 

  0x000002bce5b163f0: ;   {metadata(nullptr)}
  0x000002bce5b163f0: f8ff ff48 | ba00 0000 | 0000 0000 | 00b8 000f 

  0x000002bce5b16400: ;   {runtime_call load_klass_patching Runtime1 stub}
  0x000002bce5b16400: 050a e8f9 

  0x000002bce5b16404: ; ImmutableOopMap {rax=Oop [256]=Oop }
                      ;*new {reexecute=1 rethrow=0 return_oop=0}
                      ; - (reexecute) java.net.URLClassLoader::defineClass@107
  0x000002bce5b16404: e731 07e9 | b4f8 ffff 

  0x000002bce5b1640c: ;   {runtime_call fast_new_instance Runtime1 stub}
  0x000002bce5b1640c: 488b d2e8 

  0x000002bce5b16410: ; ImmutableOopMap {[256]=Oop [328]=Oop }
                      ;*new {reexecute=0 rethrow=0 return_oop=0}
                      ; - java.net.URLClassLoader::defineClass@107
  0x000002bce5b16410: ecb2 2807 | e9ff f8ff 

  0x000002bce5b16418: ;   {metadata({method} {0x000002bc80461cf8} '<init>' '()V' in 'java/lang/StringBuilder')}
  0x000002bce5b16418: ff49 baf0 | 1c46 80bc | 0200 004c | 8954 2408 | 48c7 0424 | ffff ffff 

  0x000002bce5b16430: ;   {runtime_call counter_overflow Runtime1 stub}
  0x000002bce5b16430: e84b f831 

  0x000002bce5b16434: ; ImmutableOopMap {rax=Oop [256]=Oop [328]=Oop }
                      ;*synchronization entry
                      ; - java.lang.StringBuilder::<init>@-1
                      ; - java.net.URLClassLoader::defineClass@111
  0x000002bce5b16434: 07e9 1cf9 

  0x000002bce5b16438: ;   {metadata({method} {0x000002bc80461ae8} 'append' '(Ljava/lang/String;)Ljava/lang/StringBuilder;' in 'java/lang/StringBuilder')}
  0x000002bce5b16438: ffff 49ba | e01a 4680 | bc02 0000 | 4c89 5424 | 0848 c704 | 24ff ffff 

  0x000002bce5b16450: ;   {runtime_call counter_overflow Runtime1 stub}
  0x000002bce5b16450: ffe8 2af8 

  0x000002bce5b16454: ; ImmutableOopMap {[256]=Oop [320]=Oop [328]=Oop }
                      ;*synchronization entry
                      ; - java.lang.StringBuilder::append@-1
                      ; - java.net.URLClassLoader::defineClass@116
  0x000002bce5b16454: 3107 e974 

  0x000002bce5b16458: ;   {metadata({method} {0x000002bc80461ae8} 'append' '(Ljava/lang/String;)Ljava/lang/StringBuilder;' in 'java/lang/StringBuilder')}
  0x000002bce5b16458: f9ff ff49 | bae0 1a46 | 80bc 0200 | 004c 8954 | 2408 48c7 | 0424 ffff 

  0x000002bce5b16470: ;   {runtime_call counter_overflow Runtime1 stub}
  0x000002bce5b16470: ffff e809 

  0x000002bce5b16474: ; ImmutableOopMap {[256]=Oop [320]=Oop [328]=Oop }
                      ;*synchronization entry
                      ; - java.lang.StringBuilder::append@-1
                      ; - java.net.URLClassLoader::defineClass@121
  0x000002bce5b16474: f831 07e9 | d3f9 ffff 

  0x000002bce5b1647c: ;   {metadata({method} {0x000002bc80008958} 'toString' '()Ljava/lang/String;' in 'java/lang/StringBuilder')}
  0x000002bce5b1647c: 49ba 5089 | 0080 bc02 | 0000 4c89 | 5424 0848 | c704 24ff 

  0x000002bce5b16490: ;   {runtime_call counter_overflow Runtime1 stub}
  0x000002bce5b16490: ffff ffe8 

  0x000002bce5b16494: ; ImmutableOopMap {[320]=Oop [328]=Oop }
                      ;*synchronization entry
                      ; - java.lang.StringBuilder::toString@-1
                      ; - java.net.URLClassLoader::defineClass@124
  0x000002bce5b16494: e8f7 3107 | e930 faff | ff48 8bd2 

  0x000002bce5b164a0: ;   {runtime_call fast_new_instance Runtime1 stub}
  0x000002bce5b164a0: e85b b228 

  0x000002bce5b164a4: ; ImmutableOopMap {[320]=Oop [328]=Oop }
                      ;*new {reexecute=0 rethrow=0 return_oop=0}
                      ; - java.lang.StringBuilder::toString@0
                      ; - java.net.URLClassLoader::defineClass@124
  0x000002bce5b164a4: 07e9 73fa 

  0x000002bce5b164a8: ;   {metadata({method} {0x000002bc80455dd8} '<init>' '(Ljava/lang/StringBuilder;)V' in 'java/lang/String')}
  0x000002bce5b164a8: ffff 49ba | d05d 4580 | bc02 0000 | 4c89 5424 | 0848 c704 | 24ff ffff 

  0x000002bce5b164c0: ;   {runtime_call counter_overflow Runtime1 stub}
  0x000002bce5b164c0: ffe8 baf7 

  0x000002bce5b164c4: ; ImmutableOopMap {rax=Oop [320]=Oop [328]=Oop }
                      ;*synchronization entry
                      ; - java.lang.String::<init>@-1
                      ; - java.lang.StringBuilder::toString@5
                      ; - java.net.URLClassLoader::defineClass@124
  0x000002bce5b164c4: 3107 e993 | faff ff48 | 8d84 2458 | 0100 0048 

  0x000002bce5b164d4: ;   {runtime_call monitorexit_nofpu Runtime1 stub}
  0x000002bce5b164d4: 8904 24e8 | a4dc 3107 | e950 fbff | ff49 8b87 | 0005 0000 | 49c7 8700 | 0500 0000 | 0000 0049 
  0x000002bce5b164f4: c787 0805 | 0000 0000 | 0000 4881 | c470 0100 

  0x000002bce5b16504: ;   {runtime_call unwind_exception Runtime1 stub}
  0x000002bce5b16504: 005d e9f5 | c928 07f4 | f4f4 f4f4 
[Stub Code]
  0x000002bce5b16510: ;   {no_reloc}
  0x000002bce5b16510: 0f1f 4400 

  0x000002bce5b16514: ;   {static_stub}
  0x000002bce5b16514: 0048 bb00 | 0000 0000 

  0x000002bce5b1651c: ;   {runtime_call nmethod}
  0x000002bce5b1651c: 0000 00e9 | fbff ffff 

  0x000002bce5b16524: ;   {static_stub}
  0x000002bce5b16524: 9048 bb00 | 0000 0000 

  0x000002bce5b1652c: ;   {runtime_call nmethod}
  0x000002bce5b1652c: 0000 00e9 | fbff ffff 

  0x000002bce5b16534: ;   {static_stub}
  0x000002bce5b16534: 9048 bb00 | 0000 0000 

  0x000002bce5b1653c: ;   {runtime_call nmethod}
  0x000002bce5b1653c: 0000 00e9 | fbff ffff 

  0x000002bce5b16544: ;   {static_stub}
  0x000002bce5b16544: 9048 bb58 | 660a fabc 

  0x000002bce5b1654c: ;   {runtime_call I2C/C2I adapters}
  0x000002bce5b1654c: 0200 00e9 | 9bed 2507 

  0x000002bce5b16554: ;   {static_stub}
  0x000002bce5b16554: 9048 bb00 | 0000 0000 

  0x000002bce5b1655c: ;   {runtime_call nmethod}
  0x000002bce5b1655c: 0000 00e9 | fbff ffff 

  0x000002bce5b16564: ;   {static_stub}
  0x000002bce5b16564: 9048 bb00 | 0000 0000 

  0x000002bce5b1656c: ;   {runtime_call nmethod}
  0x000002bce5b1656c: 0000 00e9 | fbff ffff 

  0x000002bce5b16574: ;   {static_stub}
  0x000002bce5b16574: 9048 bb00 | 0000 0000 

  0x000002bce5b1657c: ;   {runtime_call nmethod}
  0x000002bce5b1657c: 0000 00e9 | fbff ffff 

  0x000002bce5b16584: ;   {static_stub}
  0x000002bce5b16584: 9048 bb00 | 0000 0000 

  0x000002bce5b1658c: ;   {runtime_call nmethod}
  0x000002bce5b1658c: 0000 00e9 | fbff ffff 

  0x000002bce5b16594: ;   {static_stub}
  0x000002bce5b16594: 9048 bb00 | 0000 0000 

  0x000002bce5b1659c: ;   {runtime_call nmethod}
  0x000002bce5b1659c: 0000 00e9 | fbff ffff 

  0x000002bce5b165a4: ;   {static_stub}
  0x000002bce5b165a4: 9048 bb00 | 0000 0000 

  0x000002bce5b165ac: ;   {runtime_call nmethod}
  0x000002bce5b165ac: 0000 00e9 | fbff ffff 

  0x000002bce5b165b4: ;   {static_stub}
  0x000002bce5b165b4: 9048 bb00 | 0000 0000 

  0x000002bce5b165bc: ;   {runtime_call nmethod}
  0x000002bce5b165bc: 0000 00e9 | fbff ffff 

  0x000002bce5b165c4: ;   {static_stub}
  0x000002bce5b165c4: 9048 bb00 | 0000 0000 

  0x000002bce5b165cc: ;   {runtime_call nmethod}
  0x000002bce5b165cc: 0000 00e9 | fbff ffff 

  0x000002bce5b165d4: ;   {static_stub}
  0x000002bce5b165d4: 9048 bb00 | 0000 0000 

  0x000002bce5b165dc: ;   {runtime_call nmethod}
  0x000002bce5b165dc: 0000 00e9 | fbff ffff 

  0x000002bce5b165e4: ;   {static_stub}
  0x000002bce5b165e4: 9048 bb00 | 0000 0000 

  0x000002bce5b165ec: ;   {runtime_call nmethod}
  0x000002bce5b165ec: 0000 00e9 | fbff ffff 

  0x000002bce5b165f4: ;   {static_stub}
  0x000002bce5b165f4: 9048 bb00 | 0000 0000 

  0x000002bce5b165fc: ;   {runtime_call nmethod}
  0x000002bce5b165fc: 0000 00e9 | fbff ffff 

  0x000002bce5b16604: ;   {static_stub}
  0x000002bce5b16604: 48bb 0000 | 0000 0000 

  0x000002bce5b1660c: ;   {runtime_call nmethod}
  0x000002bce5b1660c: 0000 e9fb 

  0x000002bce5b16610: ;   {static_stub}
  0x000002bce5b16610: ffff ff48 | bb00 0000 | 0000 0000 

  0x000002bce5b1661c: ;   {runtime_call nmethod}
  0x000002bce5b1661c: 00e9 fbff 

  0x000002bce5b16620: ;   {static_stub}
  0x000002bce5b16620: ffff 48bb | 0000 0000 | 0000 0000 

  0x000002bce5b1662c: ;   {runtime_call nmethod}
  0x000002bce5b1662c: e9fb ffff 

  0x000002bce5b16630: ;   {static_stub}
  0x000002bce5b16630: ff48 bb00 | 0000 0000 

  0x000002bce5b16638: ;   {runtime_call nmethod}
  0x000002bce5b16638: 0000 00e9 | fbff ffff 

  0x000002bce5b16640: ;   {static_stub}
  0x000002bce5b16640: 48bb 0000 | 0000 0000 

  0x000002bce5b16648: ;   {runtime_call nmethod}
  0x000002bce5b16648: 0000 e9fb 

  0x000002bce5b1664c: ;   {static_stub}
  0x000002bce5b1664c: ffff ff48 | bb00 0000 | 0000 0000 

  0x000002bce5b16658: ;   {runtime_call nmethod}
  0x000002bce5b16658: 00e9 fbff 

  0x000002bce5b1665c: ;   {static_stub}
  0x000002bce5b1665c: ffff 48bb | 0000 0000 | 0000 0000 

  0x000002bce5b16668: ;   {runtime_call nmethod}
  0x000002bce5b16668: e9fb ffff 

  0x000002bce5b1666c: ;   {static_stub}
  0x000002bce5b1666c: ff48 bb00 | 0000 0000 

  0x000002bce5b16674: ;   {runtime_call nmethod}
  0x000002bce5b16674: 0000 00e9 | fbff ffff 

  0x000002bce5b1667c: ;   {static_stub}
  0x000002bce5b1667c: 48bb 0000 | 0000 0000 

  0x000002bce5b16684: ;   {runtime_call nmethod}
  0x000002bce5b16684: 0000 e9fb 

  0x000002bce5b16688: ;   {static_stub}
  0x000002bce5b16688: ffff ff48 | bb18 ea46 | 80bc 0200 

  0x000002bce5b16694: ;   {runtime_call I2C/C2I adapters}
  0x000002bce5b16694: 00e9 d149 

  0x000002bce5b16698: ;   {static_stub}
  0x000002bce5b16698: 2607 48bb | 0000 0000 | 0000 0000 

  0x000002bce5b166a4: ;   {runtime_call nmethod}
  0x000002bce5b166a4: e9fb ffff 

  0x000002bce5b166a8: ;   {static_stub}
  0x000002bce5b166a8: ff48 bbe0 | e004 80bc 

  0x000002bce5b166b0: ;   {runtime_call I2C/C2I adapters}
  0x000002bce5b166b0: 0200 00e9 | 3de3 2507 
[Exception Handler]
  0x000002bce5b166b8: ;   {runtime_call handle_exception_from_callee Runtime1 stub}
  0x000002bce5b166b8: e843 9b28 

  0x000002bce5b166bc: ;   {external_word}
  0x000002bce5b166bc: 0748 b940 | 5356 87f9 | 7f00 0048 

  0x000002bce5b166c8: ;   {runtime_call}
  0x000002bce5b166c8: 83e4 f048 | b8b0 c318 | 87f9 7f00 | 00ff d0f4 
[Deopt Handler Code]
  0x000002bce5b166d8: ;   {section_word}
  0x000002bce5b166d8: 49ba d866 | b1e5 bc02 | 0000 4152 

  0x000002bce5b166e4: ;   {runtime_call DeoptimizationBlob}
  0x000002bce5b166e4: e9b7 d626 | 07f4 f4f4 | f4f4 f4f4 
[/MachCode]


Compiled method (c1) 5341 1645   !   3       java.net.URLClassLoader$1::run (81 bytes)
 total in heap  [0x000002bce5ace290,0x000002bce5ad0338] = 8360
 relocation     [0x000002bce5ace3f0,0x000002bce5ace630] = 576
 main code      [0x000002bce5ace640,0x000002bce5acfa48] = 5128
 stub code      [0x000002bce5acfa48,0x000002bce5acfb18] = 208
 oops           [0x000002bce5acfb18,0x000002bce5acfb20] = 8
 metadata       [0x000002bce5acfb20,0x000002bce5acfba8] = 136
 scopes data    [0x000002bce5acfba8,0x000002bce5acff40] = 920
 scopes pcs     [0x000002bce5acff40,0x000002bce5ad0280] = 832
 dependencies   [0x000002bce5ad0280,0x000002bce5ad02a8] = 40
 handler table  [0x000002bce5ad02a8,0x000002bce5ad02f0] = 72
 nul chk table  [0x000002bce5ad02f0,0x000002bce5ad0338] = 72

[Constant Pool (empty)]

[MachCode]
[Entry Point]
  # {method} {0x000002bcfa299460} 'run' '()Ljava/lang/Class;' in 'java/net/URLClassLoader$1'
  #           [sp+0x130]  (sp of caller)
  0x000002bce5ace640: 448b 5208 | 49bb 0000 | 0080 bc02 | 0000 4d03 | d34c 3bd0 

  0x000002bce5ace654: ;   {runtime_call ic_miss_stub}
  0x000002bce5ace654: 0f85 26fe | 2a07 660f | 1f44 0000 
[Verified Entry Point]
  0x000002bce5ace660: 8984 2400 | 80ff ff55 | 4881 ec20 | 0100 0090 | 4181 7f20 | 0100 0000 

  0x000002bce5ace678: ;   {runtime_call StubRoutines (final stubs)}
  0x000002bce5ace678: 7405 e861 | a329 0748 | 8994 24b8 

  0x000002bce5ace684: ;   {metadata(method data for {method} {0x000002bcfa299460} 'run' '()Ljava/lang/Class;' in 'java/net/URLClassLoader$1')}
  0x000002bce5ace684: 0000 0049 | b8b8 d93b | fabc 0200 | 0045 8b88 | cc00 0000 | 4183 c102 | 4589 88cc | 0000 0041 
  0x000002bce5ace6a4: 81e1 fe07 | 0000 4585 | c90f 84ae | 0f00 008b | 720c 483b | 064c 8bc6 

  0x000002bce5ace6bc: ;   {metadata(method data for {method} {0x000002bcfa299460} 'run' '()Ljava/lang/Class;' in 'java/net/URLClassLoader$1')}
  0x000002bce5ace6bc: 49b9 b8d9 | 3bfa bc02 | 0000 4983 | 8110 0100 | 0001 41b8 | 2e00 0000 | 41b9 2f00 | 0000 488b 
  0x000002bce5ace6dc: ;   {optimized virtual_call}
  0x000002bce5ace6dc: d666 90e8 

  0x000002bce5ace6e0: ; ImmutableOopMap {[184]=Oop }
                      ;*invokevirtual replace {reexecute=0 rethrow=0 return_oop=0}
                      ; - java.net.URLClassLoader$1::run@8
  0x000002bce5ace6e0: 7ca3 8307 

  0x000002bce5ace6e4: ;   {other}
  0x000002bce5ace6e4: 0f1f 8400 | 5404 0000 

  0x000002bce5ace6ec: ; implicit exception: dispatches to 0x000002bce5acf687
  0x000002bce5ace6ec: 483b 0048 

  0x000002bce5ace6f0: ;   {metadata(method data for {method} {0x000002bcfa299460} 'run' '()Ljava/lang/Class;' in 'java/net/URLClassLoader$1')}
  0x000002bce5ace6f0: 8bd0 48be | b8d9 3bfa | bc02 0000 | 4883 8648 | 0100 0001 

  0x000002bce5ace704: ;   {metadata(method data for {method} {0x000002bc80452db8} 'concat' '(Ljava/lang/String;)Ljava/lang/String;' in 'java/lang/String')}
  0x000002bce5ace704: 48ba b06b | 31fa bc02 | 0000 8bb2 | cc00 0000 | 83c6 0289 | b2cc 0000 | 0081 e6fe | ff1f 0085 
  0x000002bce5ace724: f60f 8461 

  0x000002bce5ace728: ;   {oop(".class"{0x0000000080001b50})}
  0x000002bce5ace728: 0f00 0048 | ba50 1b00 | 8000 0000 

  0x000002bce5ace734: ;   {metadata(method data for {method} {0x000002bc80452db8} 'concat' '(Ljava/lang/String;)Ljava/lang/String;' in 'java/lang/String')}
  0x000002bce5ace734: 0048 beb0 | 6b31 fabc | 0200 0048 | 8386 1001 

  0x000002bce5ace744: ;   {metadata(method data for {method} {0x000002bc8000ef40} 'isEmpty' '()Z' in 'java/lang/String')}
  0x000002bce5ace744: 0000 0148 | baa8 f801 | fabc 0200 | 008b b2cc | 0000 0083 | c602 89b2 | cc00 0000 | 81e6 feff 
  0x000002bce5ace764: 1f00 85f6 | 0f84 3f0f 

  0x000002bce5ace76c: ;   {metadata(method data for {method} {0x000002bc8000ef40} 'isEmpty' '()Z' in 'java/lang/String')}
  0x000002bce5ace76c: 0000 48ba | a8f8 01fa | bc02 0000 | ff82 1001 

  0x000002bce5ace77c: ;   {metadata(method data for {method} {0x000002bc80452db8} 'concat' '(Ljava/lang/String;)Ljava/lang/String;' in 'java/lang/String')}
  0x000002bce5ace77c: 0000 48ba | b06b 31fa | bc02 0000 | ff82 4801 

  0x000002bce5ace78c: ;   {metadata(method data for {method} {0x000002bc80452db8} 'concat' '(Ljava/lang/String;)Ljava/lang/String;' in 'java/lang/String')}
  0x000002bce5ace78c: 0000 48ba | b06b 31fa | bc02 0000 | 4883 8268 | 0100 0001 

  0x000002bce5ace7a0: ;   {metadata(method data for {method} {0x000002bc8041fad0} 'simpleConcat' '(Ljava/lang/Object;Ljava/lang/Object;)Ljava/lang/String;' in 'java/lang/StringConcatHelper')}
  0x000002bce5ace7a0: 48ba 707a | 28fa bc02 | 0000 8bb2 | cc00 0000 | 83c6 0289 | b2cc 0000 | 0081 e6fe | ff1f 0085 
  0x000002bce5ace7c0: f60f 8407 

  0x000002bce5ace7c4: ;   {metadata(method data for {method} {0x000002bc8041fad0} 'simpleConcat' '(Ljava/lang/Object;Ljava/lang/Object;)Ljava/lang/String;' in 'java/lang/StringConcatHelper')}
  0x000002bce5ace7c4: 0f00 0048 | ba70 7a28 | fabc 0200 | 0048 8382 | 1001 0000 

  0x000002bce5ace7d8: ;   {metadata(method data for {method} {0x000002bc8041f340} 'stringOf' '(Ljava/lang/Object;)Ljava/lang/String;' in 'java/lang/StringConcatHelper')}
  0x000002bce5ace7d8: 0148 ba00 | 1c26 fabc | 0200 008b | b2cc 0000 | 0083 c602 | 89b2 cc00 | 0000 81e6 | feff 1f00 
  0x000002bce5ace7f8: 85f6 0f84 | ef0e 0000 

  0x000002bce5ace800: ;   {metadata(method data for {method} {0x000002bc8041f340} 'stringOf' '(Ljava/lang/Object;)Ljava/lang/String;' in 'java/lang/StringConcatHelper')}
  0x000002bce5ace800: 4885 c048 | ba00 1c26 | fabc 0200 | 0048 c7c6 | 1001 0000 | 7407 48c7 | c620 0100 | 0048 8b3c 
  0x000002bce5ace820: 3248 8d7f | 0148 893c | 320f 846b | 0000 0048 

  0x000002bce5ace830: ;   {metadata(method data for {method} {0x000002bc8041f340} 'stringOf' '(Ljava/lang/Object;)Ljava/lang/String;' in 'java/lang/StringConcatHelper')}
  0x000002bce5ace830: 8bd0 48be | 001c 26fa | bc02 0000 | 4883 8630 | 0100 0001 

  0x000002bce5ace844: ;   {metadata(method data for {method} {0x000002bc8000eb78} 'toString' '()Ljava/lang/String;' in 'java/lang/String')}
  0x000002bce5ace844: 48ba 9890 | 09fa bc02 | 0000 8bb2 | cc00 0000 | 83c6 0289 | b2cc 0000 | 0081 e6fe | ff1f 0085 
  0x000002bce5ace864: f60f 84a5 | 0e00 0048 

  0x000002bce5ace86c: ;   {metadata(method data for {method} {0x000002bc8041f340} 'stringOf' '(Ljava/lang/Object;)Ljava/lang/String;' in 'java/lang/StringConcatHelper')}
  0x000002bce5ace86c: 85c0 48ba | 001c 26fa | bc02 0000 | 48c7 c668 | 0100 0075 | 0748 c7c6 | 7801 0000 | 488b 3c32 
  0x000002bce5ace88c: 488d 7f01 | 4889 3c32 | 0f85 1a00 

  0x000002bce5ace898: ;   {metadata(method data for {method} {0x000002bc8041f340} 'stringOf' '(Ljava/lang/Object;)Ljava/lang/String;' in 'java/lang/StringConcatHelper')}
  0x000002bce5ace898: 0000 48ba | 001c 26fa | bc02 0000 | ff82 8801 

  0x000002bce5ace8a8: ;   {oop("null"{0x0000000080000548})}
  0x000002bce5ace8a8: 0000 48b8 | 4805 0080 | 0000 0000 

  0x000002bce5ace8b4: ;   {metadata(method data for {method} {0x000002bc8041fad0} 'simpleConcat' '(Ljava/lang/Object;Ljava/lang/Object;)Ljava/lang/String;' in 'java/lang/StringConcatHelper')}
  0x000002bce5ace8b4: 48ba 707a | 28fa bc02 | 0000 4883 | 8220 0100 

  0x000002bce5ace8c4: ;   {metadata(method data for {method} {0x000002bc8041f340} 'stringOf' '(Ljava/lang/Object;)Ljava/lang/String;' in 'java/lang/StringConcatHelper')}
  0x000002bce5ace8c4: 0001 48ba | 001c 26fa | bc02 0000 | 8bb2 cc00 | 0000 83c6 | 0289 b2cc | 0000 0081 | e6fe ff1f 
  0x000002bce5ace8e4: 0085 f60f | 8444 0e00 

  0x000002bce5ace8ec: ;   {metadata(method data for {method} {0x000002bc8041f340} 'stringOf' '(Ljava/lang/Object;)Ljava/lang/String;' in 'java/lang/StringConcatHelper')}
  0x000002bce5ace8ec: 0048 ba00 | 1c26 fabc | 0200 00ff | 8220 0100 

  0x000002bce5ace8fc: ;   {oop(".class"{0x0000000080001b50})}
  0x000002bce5ace8fc: 0048 ba50 | 1b00 8000 

  0x000002bce5ace904: ;   {metadata(method data for {method} {0x000002bc8041f340} 'stringOf' '(Ljava/lang/Object;)Ljava/lang/String;' in 'java/lang/StringConcatHelper')}
  0x000002bce5ace904: 0000 0048 | be00 1c26 | fabc 0200 | 0048 8386 | 3001 0000 

  0x000002bce5ace918: ;   {metadata(method data for {method} {0x000002bc8000eb78} 'toString' '()Ljava/lang/String;' in 'java/lang/String')}
  0x000002bce5ace918: 0148 ba98 | 9009 fabc | 0200 008b | b2cc 0000 | 0083 c602 | 89b2 cc00 | 0000 81e6 | feff 1f00 
  0x000002bce5ace938: 85f6 0f84 | 120e 0000 

  0x000002bce5ace940: ;   {metadata(method data for {method} {0x000002bc8041f340} 'stringOf' '(Ljava/lang/Object;)Ljava/lang/String;' in 'java/lang/StringConcatHelper')}
  0x000002bce5ace940: 48ba 001c | 26fa bc02 | 0000 ff82 | 6801 0000 

  0x000002bce5ace950: ; implicit exception: dispatches to 0x000002bce5acf773
  0x000002bce5ace950: 483b 0048 

  0x000002bce5ace954: ;   {metadata(method data for {method} {0x000002bc8041fad0} 'simpleConcat' '(Ljava/lang/Object;Ljava/lang/Object;)Ljava/lang/String;' in 'java/lang/StringConcatHelper')}
  0x000002bce5ace954: 8bd0 48be | 707a 28fa | bc02 0000 | 4883 8630 | 0100 0001 

  0x000002bce5ace968: ;   {metadata(method data for {method} {0x000002bc8000ef40} 'isEmpty' '()Z' in 'java/lang/String')}
  0x000002bce5ace968: 48ba a8f8 | 01fa bc02 | 0000 8bb2 | cc00 0000 | 83c6 0289 | b2cc 0000 | 0081 e6fe | ff1f 0085 
  0x000002bce5ace988: f60f 84e9 | 0d00 008b | 5014 8b72 

  0x000002bce5ace994: ;   {metadata(method data for {method} {0x000002bc8000ef40} 'isEmpty' '()Z' in 'java/lang/String')}
  0x000002bce5ace994: 0c85 f648 | baa8 f801 | fabc 0200 | 0048 c7c7 | 1001 0000 | 7507 48c7 | c720 0100 | 0048 8b0c 
  0x000002bce5ace9b4: 3a48 8d49 | 0148 890c | 3a0f 851a 

  0x000002bce5ace9c0: ;   {metadata(method data for {method} {0x000002bc8000ef40} 'isEmpty' '()Z' in 'java/lang/String')}
  0x000002bce5ace9c0: 0000 0048 | baa8 f801 | fabc 0200 | 00ff 8230 | 0100 00ba | 0100 0000 | e905 0000 | 00ba 0000 
  0x000002bce5ace9e0: 0000 83e2 

  0x000002bce5ace9e4: ;   {metadata(method data for {method} {0x000002bc8041fad0} 'simpleConcat' '(Ljava/lang/Object;Ljava/lang/Object;)Ljava/lang/String;' in 'java/lang/StringConcatHelper')}
  0x000002bce5ace9e4: 0185 d248 | ba70 7a28 | fabc 0200 | 0048 c7c7 | 6801 0000 | 7407 48c7 | c778 0100 | 0048 8b0c 
  0x000002bce5acea04: 3a48 8d49 | 0148 890c | 3a0f 8496 

  0x000002bce5acea10: ;   {metadata('java/lang/String')}
  0x000002bce5acea10: 0000 0048 | ba78 e800 | 80bc 0200 | 0049 8b87 | b801 0000 | 488d 7818 | 493b bfc8 | 0100 000f 
  0x000002bce5acea30: 8769 0d00 | 0049 89bf | b801 0000 | 48c7 0001 | 0000 0048 | 8bca 49ba | 0000 0080 | bc02 0000 
  0x000002bce5acea50: 492b ca89 | 4808 4833 | c989 480c | 4833 c948 | 8948 104c 

  0x000002bce5acea64: ;   {metadata(method data for {method} {0x000002bc8041fad0} 'simpleConcat' '(Ljava/lang/Object;Ljava/lang/Object;)Ljava/lang/String;' in 'java/lang/StringConcatHelper')}
  0x000002bce5acea64: 8bc0 48ba | 707a 28fa | bc02 0000 | 4883 8288 | 0100 0001 

  0x000002bce5acea78: ;   {oop(".class"{0x0000000080001b50})}
  0x000002bce5acea78: 49b8 501b | 0080 0000 | 0000 488b | d048 8984 | 24c0 0000 

  0x000002bce5acea8c: ;   {optimized virtual_call}
  0x000002bce5acea8c: 0066 90e8 

  0x000002bce5acea90: ; ImmutableOopMap {[184]=Oop [192]=Oop }
                      ;*invokespecial <init> {reexecute=0 rethrow=0 return_oop=0}
                      ; - java.lang.StringConcatHelper::simpleConcat@22
                      ; - java.lang.String::concat@11
                      ; - java.net.URLClassLoader$1::run@13
  0x000002bce5acea90: ecfc 2a07 

  0x000002bce5acea94: ;   {other}
  0x000002bce5acea94: 0f1f 8400 | 0408 0001 | 488b 8424 | c000 0000 | e90b 0700 

  0x000002bce5aceaa8: ;   {oop(".class"{0x0000000080001b50})}
  0x000002bce5aceaa8: 0048 b950 | 1b00 8000 

  0x000002bce5aceab0: ;   {metadata(method data for {method} {0x000002bc8041fad0} 'simpleConcat' '(Ljava/lang/Object;Ljava/lang/Object;)Ljava/lang/String;' in 'java/lang/StringConcatHelper')}
  0x000002bce5aceab0: 0000 0049 | b870 7a28 | fabc 0200 | 0049 8380 | 9801 0000 

  0x000002bce5aceac4: ;   {metadata(method data for {method} {0x000002bc8000ef40} 'isEmpty' '()Z' in 'java/lang/String')}
  0x000002bce5aceac4: 0148 b9a8 | f801 fabc | 0200 0044 | 8b81 cc00 | 0000 4183 | c002 4489 | 81cc 0000 | 0041 81e0 
  0x000002bce5aceae4: feff 1f00 | 4585 c00f | 84ba 0c00 

  0x000002bce5aceaf0: ;   {metadata(method data for {method} {0x000002bc8000ef40} 'isEmpty' '()Z' in 'java/lang/String')}
  0x000002bce5aceaf0: 0048 b9a8 | f801 fabc | 0200 00ff | 8110 0100 

  0x000002bce5aceb00: ;   {metadata(method data for {method} {0x000002bc8041fad0} 'simpleConcat' '(Ljava/lang/Object;Ljava/lang/Object;)Ljava/lang/String;' in 'java/lang/StringConcatHelper')}
  0x000002bce5aceb00: 0048 b970 | 7a28 fabc | 0200 00ff | 81d0 0100 

  0x000002bce5aceb10: ;   {metadata(method data for {method} {0x000002bc8041fad0} 'simpleConcat' '(Ljava/lang/Object;Ljava/lang/Object;)Ljava/lang/String;' in 'java/lang/StringConcatHelper')}
  0x000002bce5aceb10: 0048 b970 | 7a28 fabc | 0200 0048 | 8381 0002 

  0x000002bce5aceb20: ;   {metadata(method data for {method} {0x000002bc8041f3f0} 'initialCoder' '()J' in 'java/lang/StringConcatHelper')}
  0x000002bce5aceb20: 0000 0148 | b980 7e28 | fabc 0200 | 0044 8b81 | cc00 0000 | 4183 c002 | 4489 81cc | 0000 0041 
  0x000002bce5aceb40: 81e0 feff | 1f00 4585 | c00f 847d 

  0x000002bce5aceb4c: ;   {metadata(method data for {method} {0x000002bc8041f3f0} 'initialCoder' '()J' in 'java/lang/StringConcatHelper')}
  0x000002bce5aceb4c: 0c00 0048 | b980 7e28 | fabc 0200 | 00ff 8120 

  0x000002bce5aceb5c: ;   {metadata(method data for {method} {0x000002bc8041f3f0} 'initialCoder' '()J' in 'java/lang/StringConcatHelper')}
  0x000002bce5aceb5c: 0100 0048 | b980 7e28 | fabc 0200 | 00ff 8130 

  0x000002bce5aceb6c: ;   {metadata(method data for {method} {0x000002bc8041fad0} 'simpleConcat' '(Ljava/lang/Object;Ljava/lang/Object;)Ljava/lang/String;' in 'java/lang/StringConcatHelper')}
  0x000002bce5aceb6c: 0100 0048 | b970 7a28 | fabc 0200 | 0048 8381 | 1002 0000 

  0x000002bce5aceb80: ;   {metadata(method data for {method} {0x000002bc8041f918} 'mix' '(JLjava/lang/String;)J' in 'java/lang/StringConcatHelper')}
  0x000002bce5aceb80: 0148 b940 | 1e26 fabc | 0200 0044 | 8b81 cc00 | 0000 4183 | c002 4489 | 81cc 0000 | 0041 81e0 
  0x000002bce5aceba0: feff 1f00 | 4585 c00f | 8440 0c00 | 0048 8bc8 

  0x000002bce5acebb0: ;   {metadata(method data for {method} {0x000002bc8041f918} 'mix' '(JLjava/lang/String;)J' in 'java/lang/StringConcatHelper')}
  0x000002bce5acebb0: 49b8 401e | 26fa bc02 | 0000 4983 | 8010 0100 

  0x000002bce5acebc0: ;   {metadata(method data for {method} {0x000002bc8000ee90} 'length' '()I' in 'java/lang/String')}
  0x000002bce5acebc0: 0001 48b9 | a000 01fa | bc02 0000 | 448b 81cc | 0000 0041 | 83c0 0244 | 8981 cc00 | 0000 4181 
  0x000002bce5acebe0: e0fe ff1f | 0045 85c0 | 0f84 200c | 0000 488b 

  0x000002bce5acebf0: ;   {metadata(method data for {method} {0x000002bc8000ee90} 'length' '()I' in 'java/lang/String')}
  0x000002bce5acebf0: c849 b8a0 | 0001 fabc | 0200 0049 | 8380 1001 

  0x000002bce5acec00: ;   {metadata(method data for {method} {0x000002bc80455018} 'coder' '()B' in 'java/lang/String')}
  0x000002bce5acec00: 0000 0148 | b928 ff00 | fabc 0200 | 0044 8b81 | cc00 0000 | 4183 c002 | 4489 81cc | 0000 0041 
  0x000002bce5acec20: 81e0 feff | 1f00 4585 | c00f 8400 

  0x000002bce5acec2c: ;   {metadata(method data for {method} {0x000002bc80455018} 'coder' '()B' in 'java/lang/String')}
  0x000002bce5acec2c: 0c00 0048 | b928 ff00 | fabc 0200 | 00ff 8120 | 0100 000f 

  0x000002bce5acec40: ;   {metadata(method data for {method} {0x000002bc80455018} 'coder' '()B' in 'java/lang/String')}
  0x000002bce5acec40: be48 1049 | b828 ff00 | fabc 0200 | 0041 ff80 | 3001 0000 | c1e1 184c | 8bc1 41c1 | f818 498b 
  0x000002bce5acec60: c8d3 fe48 | 63f6 488b 

  0x000002bce5acec68: ;   {metadata(method data for {method} {0x000002bc8041f918} 'mix' '(JLjava/lang/String;)J' in 'java/lang/StringConcatHelper')}
  0x000002bce5acec68: c849 b940 | 1e26 fabc | 0200 0049 | 8381 4801 

  0x000002bce5acec78: ;   {metadata(method data for {method} {0x000002bc80455018} 'coder' '()B' in 'java/lang/String')}
  0x000002bce5acec78: 0000 0148 | b928 ff00 | fabc 0200 | 0044 8b89 | cc00 0000 | 4183 c102 | 4489 89cc | 0000 0041 
  0x000002bce5acec98: 81e1 feff | 1f00 4585 | c90f 84a9 

  0x000002bce5aceca4: ;   {metadata(method data for {method} {0x000002bc80455018} 'coder' '()B' in 'java/lang/String')}
  0x000002bce5aceca4: 0b00 0048 | b928 ff00 | fabc 0200 | 00ff 8120 

  0x000002bce5acecb4: ;   {metadata(method data for {method} {0x000002bc80455018} 'coder' '()B' in 'java/lang/String')}
  0x000002bce5acecb4: 0100 0048 | b928 ff00 | fabc 0200 | 00ff 8130 | 0100 0041 

  0x000002bce5acecc8: ;   {metadata(method data for {method} {0x000002bc8041f918} 'mix' '(JLjava/lang/String;)J' in 'java/lang/StringConcatHelper')}
  0x000002bce5acecc8: 83f8 0148 | b940 1e26 | fabc 0200 | 0049 c7c0 | 8001 0000 | 7507 49c7 | c090 0100 | 004e 8b0c 
  0x000002bce5acece8: 014d 8d49 | 014e 890c | 010f 850d | 0000 0049 | ba00 0000 | 0001 0000 | 0049 0bf2 

  0x000002bce5aced04: ;   {metadata(method data for {method} {0x000002bc8041f918} 'mix' '(JLjava/lang/String;)J' in 'java/lang/StringConcatHelper')}
  0x000002bce5aced04: 48b9 401e | 26fa bc02 | 0000 4883 | 81a0 0100 

  0x000002bce5aced14: ;   {metadata(method data for {method} {0x000002bc8041f398} 'checkOverflow' '(J)J' in 'java/lang/StringConcatHelper')}
  0x000002bce5aced14: 0001 48b9 | f80c 26fa | bc02 0000 | 448b 81cc | 0000 0041 | 83c0 0244 | 8981 cc00 | 0000 4181 
  0x000002bce5aced34: e0fe ff1f | 0045 85c0 | 0f84 2f0b | 0000 8bce 

  0x000002bce5aced44: ;   {metadata(method data for {method} {0x000002bc8041f398} 'checkOverflow' '(J)J' in 'java/lang/StringConcatHelper')}
  0x000002bce5aced44: 85c9 48b9 | f80c 26fa | bc02 0000 | 49c7 c010 | 0100 007c | 0749 c7c0 | 2001 0000 | 4e8b 0c01 
  0x000002bce5aced64: 4d8d 4901 | 4e89 0c01 | 0f8c 8707 

  0x000002bce5aced70: ;   {metadata(method data for {method} {0x000002bc8041fad0} 'simpleConcat' '(Ljava/lang/Object;Ljava/lang/Object;)Ljava/lang/String;' in 'java/lang/StringConcatHelper')}
  0x000002bce5aced70: 0000 48b9 | 707a 28fa | bc02 0000 | 4883 8120 | 0200 0001 

  0x000002bce5aced84: ;   {metadata(method data for {method} {0x000002bc8041f918} 'mix' '(JLjava/lang/String;)J' in 'java/lang/StringConcatHelper')}
  0x000002bce5aced84: 48b9 401e | 26fa bc02 | 0000 448b | 81cc 0000 | 0041 83c0 | 0244 8981 | cc00 0000 | 4181 e0fe 
  0x000002bce5aceda4: ff1f 0045 | 85c0 0f84 | e20a 0000 

  0x000002bce5acedb0: ;   {oop(".class"{0x0000000080001b50})}
  0x000002bce5acedb0: 48b9 501b | 0080 0000 | 0000 4c8b 

  0x000002bce5acedbc: ;   {metadata(method data for {method} {0x000002bc8041f918} 'mix' '(JLjava/lang/String;)J' in 'java/lang/StringConcatHelper')}
  0x000002bce5acedbc: c149 b940 | 1e26 fabc | 0200 0049 | 8381 1001 

  0x000002bce5acedcc: ;   {metadata(method data for {method} {0x000002bc8000ee90} 'length' '()I' in 'java/lang/String')}
  0x000002bce5acedcc: 0000 0149 | b8a0 0001 | fabc 0200 | 0045 8b88 | cc00 0000 | 4183 c102 | 4589 88cc | 0000 0041 
  0x000002bce5acedec: 81e1 feff | 1f00 4585 | c90f 84b8 

  0x000002bce5acedf8: ;   {metadata(method data for {method} {0x000002bc8000ee90} 'length' '()I' in 'java/lang/String')}
  0x000002bce5acedf8: 0a00 0049 | b8a0 0001 | fabc 0200 | 0049 8380 | 1001 0000 

  0x000002bce5acee0c: ;   {metadata(method data for {method} {0x000002bc80455018} 'coder' '()B' in 'java/lang/String')}
  0x000002bce5acee0c: 0148 b928 | ff00 fabc | 0200 0044 | 8b81 cc00 | 0000 4183 | c002 4489 | 81cc 0000 | 0041 81e0 
  0x000002bce5acee2c: feff 1f00 | 4585 c00f | 849b 0a00 

  0x000002bce5acee38: ;   {metadata(method data for {method} {0x000002bc80455018} 'coder' '()B' in 'java/lang/String')}
  0x000002bce5acee38: 0048 b928 | ff00 fabc | 0200 00ff | 8120 0100 

  0x000002bce5acee48: ;   {metadata(method data for {method} {0x000002bc80455018} 'coder' '()B' in 'java/lang/String')}
  0x000002bce5acee48: 0048 b928 | ff00 fabc | 0200 00ff | 8130 0100 | 0049 c7c2 | 0600 0000 | 4903 f248 | 89b4 24c8 
  0x000002bce5acee68: ;   {oop(".class"{0x0000000080001b50})}
  0x000002bce5acee68: 0000 0048 | b950 1b00 | 8000 0000 

  0x000002bce5acee74: ;   {metadata(method data for {method} {0x000002bc8041f918} 'mix' '(JLjava/lang/String;)J' in 'java/lang/StringConcatHelper')}
  0x000002bce5acee74: 0049 b840 | 1e26 fabc | 0200 0049 | 8380 4801 

  0x000002bce5acee84: ;   {metadata(method data for {method} {0x000002bc80455018} 'coder' '()B' in 'java/lang/String')}
  0x000002bce5acee84: 0000 0148 | b928 ff00 | fabc 0200 | 0044 8b81 | cc00 0000 | 4183 c002 | 4489 81cc | 0000 0041 
  0x000002bce5aceea4: 81e0 feff | 1f00 4585 | c00f 8442 

  0x000002bce5aceeb0: ;   {metadata(method data for {method} {0x000002bc80455018} 'coder' '()B' in 'java/lang/String')}
  0x000002bce5aceeb0: 0a00 0048 | b928 ff00 | fabc 0200 | 00ff 8120 

  0x000002bce5aceec0: ;   {metadata(method data for {method} {0x000002bc80455018} 'coder' '()B' in 'java/lang/String')}
  0x000002bce5aceec0: 0100 0048 | b928 ff00 | fabc 0200 | 00ff 8130 

  0x000002bce5aceed0: ;   {metadata(method data for {method} {0x000002bc8041f918} 'mix' '(JLjava/lang/String;)J' in 'java/lang/StringConcatHelper')}
  0x000002bce5aceed0: 0100 0048 | b940 1e26 | fabc 0200 | 00ff 8180 

  0x000002bce5aceee0: ;   {metadata(method data for {method} {0x000002bc8041f918} 'mix' '(JLjava/lang/String;)J' in 'java/lang/StringConcatHelper')}
  0x000002bce5aceee0: 0100 0048 | b940 1e26 | fabc 0200 | 0048 8381 | a001 0000 

  0x000002bce5aceef4: ;   {metadata(method data for {method} {0x000002bc8041f398} 'checkOverflow' '(J)J' in 'java/lang/StringConcatHelper')}
  0x000002bce5aceef4: 0148 b9f8 | 0c26 fabc | 0200 0044 | 8b81 cc00 | 0000 4183 | c002 4489 | 81cc 0000 | 0041 81e0 
  0x000002bce5acef14: feff 1f00 | 4585 c00f | 84f5 0900 | 0044 8bc6 

  0x000002bce5acef24: ;   {metadata(method data for {method} {0x000002bc8041f398} 'checkOverflow' '(J)J' in 'java/lang/StringConcatHelper')}
  0x000002bce5acef24: 4585 c048 | b9f8 0c26 | fabc 0200 | 0049 c7c1 | 1001 0000 | 7c07 49c7 | c120 0100 | 004a 8b14 
  0x000002bce5acef44: 0948 8d52 | 014a 8914 | 090f 8cfe 

  0x000002bce5acef50: ;   {metadata(method data for {method} {0x000002bc8041fad0} 'simpleConcat' '(Ljava/lang/Object;Ljava/lang/Object;)Ljava/lang/String;' in 'java/lang/StringConcatHelper')}
  0x000002bce5acef50: 0400 0048 | b970 7a28 | fabc 0200 | 0048 8381 | 3002 0000 

  0x000002bce5acef64: ;   {metadata(method data for {method} {0x000002bc8041fbd8} 'newArray' '(J)[B' in 'java/lang/StringConcatHelper')}
  0x000002bce5acef64: 0148 b948 | b103 fabc | 0200 0044 | 8b89 cc00 | 0000 4183 | c102 4489 | 89cc 0000 | 0041 81e1 
  0x000002bce5acef84: feff 1f00 | 4585 c90f | 84a6 0900 | 00b9 2000 | 0000 4c8b | ce49 d3f9 | 458b c945 | 0fbe c949 
  0x000002bce5acefa4: 8bc9 4d8b | c841 d3e1 

  0x000002bce5acefac: ;   {metadata(method data for {method} {0x000002bc8041fbd8} 'newArray' '(J)[B' in 'java/lang/StringConcatHelper')}
  0x000002bce5acefac: 4585 c949 | b848 b103 | fabc 0200 | 0048 c7c2 | 2001 0000 | 7c07 48c7 | c210 0100 | 0049 8b3c 
  0x000002bce5acefcc: 1048 8d7f | 0149 893c | 1048 8984 | 24d0 0000 | 000f 8cce 

  0x000002bce5acefe0: ;   {oop(a 'jdk/internal/misc/Unsafe'{0x0000000080000a90})}
  0x000002bce5acefe0: 0300 0048 | ba90 0a00 | 8000 0000 | 004c 8bc2 

  0x000002bce5aceff0: ;   {metadata(method data for {method} {0x000002bc8041fbd8} 'newArray' '(J)[B' in 'java/lang/StringConcatHelper')}
  0x000002bce5aceff0: 48bf 48b1 | 03fa bc02 | 0000 4883 | 8740 0100 

  0x000002bce5acf000: ;   {oop(a 'java/lang/Class'{0x0000000080001b68} = byte)}
  0x000002bce5acf000: 0001 49b8 | 681b 0080 | 0000 0000 

  0x000002bce5acf00c: ;   {optimized virtual_call}
  0x000002bce5acf00c: 6666 90e8 

  0x000002bce5acf010: ; ImmutableOopMap {[184]=Oop [208]=Oop }
                      ;*invokevirtual allocateUninitializedArray {reexecute=0 rethrow=0 return_oop=0}
                      ; - java.lang.StringConcatHelper::newArray@33
                      ; - java.lang.StringConcatHelper::simpleConcat@61
                      ; - java.lang.String::concat@11
                      ; - java.net.URLClassLoader$1::run@13
  0x000002bce5acf010: 0c09 dcff 

  0x000002bce5acf014: ;   {other}
  0x000002bce5acf014: 0f1f 8400 | 840d 0002 | 4885 c075 

  0x000002bce5acf020: ;   {metadata(method data for {method} {0x000002bc8041fbd8} 'newArray' '(J)[B' in 'java/lang/StringConcatHelper')}
  0x000002bce5acf020: 1749 b848 | b103 fabc | 0200 0041 | 8088 7101 | 0000 01e9 | cf00 0000 

  0x000002bce5acf038: ;   {metadata({type array byte})}
  0x000002bce5acf038: 49b9 1823 | 0080 bc02 | 0000 448b | 4008 49ba | 0000 0080 | bc02 0000 | 4d03 c24d | 3b48 380f 
  0x000002bce5acf058: 858e 0000 

  0x000002bce5acf05c: ;   {metadata(method data for {method} {0x000002bc8041fbd8} 'newArray' '(J)[B' in 'java/lang/StringConcatHelper')}
  0x000002bce5acf05c: 0049 b848 | b103 fabc | 0200 0044 | 8b48 0849 | ba00 0000 | 80bc 0200 | 004d 03ca | 4d3b 8888 
  0x000002bce5acf07c: 0100 0075 | 0d49 8380 | 9001 0000 | 01e9 7900 | 0000 4d3b | 8898 0100 | 0075 0d49 | 8380 a001 
  0x000002bce5acf09c: 0000 01e9 | 6300 0000 | 4983 b888 | 0100 0000 | 7517 4d89 | 8888 0100 | 0049 c780 | 9001 0000 
  0x000002bce5acf0bc: 0100 0000 | e942 0000 | 0049 83b8 | 9801 0000 | 0075 174d | 8988 9801 | 0000 49c7 | 80a0 0100 
  0x000002bce5acf0dc: 0001 0000 | 00e9 2100 | 0000 e91c 

  0x000002bce5acf0e8: ;   {metadata(method data for {method} {0x000002bc8041fbd8} 'newArray' '(J)[B' in 'java/lang/StringConcatHelper')}
  0x000002bce5acf0e8: 0000 0049 | b848 b103 | fabc 0200 | 0049 83a8 | 7801 0000 | 01e9 5608 | 0000 e900 | 0000 0048 
  0x000002bce5acf108: ;   {metadata(method data for {method} {0x000002bc8041fad0} 'simpleConcat' '(Ljava/lang/Object;Ljava/lang/Object;)Ljava/lang/String;' in 'java/lang/StringConcatHelper')}
  0x000002bce5acf108: 8bf0 48ba | 707a 28fa | bc02 0000 | 4883 8240 | 0200 0001 

  0x000002bce5acf11c: ;   {oop(".class"{0x0000000080001b50})}
  0x000002bce5acf11c: 49b9 501b | 0080 0000 | 0000 488b | 9424 c800 | 0000 4c8b | c648 89b4 | 24d8 0000 | 0066 0f1f 
  0x000002bce5acf13c: ;   {static_call}
  0x000002bce5acf13c: 4400 00e8 

  0x000002bce5acf140: ; ImmutableOopMap {[184]=Oop [208]=Oop [216]=Oop }
                      ;*invokestatic prepend {reexecute=0 rethrow=0 return_oop=0}
                      ; - java.lang.StringConcatHelper::simpleConcat@71
                      ; - java.lang.String::concat@11
                      ; - java.net.URLClassLoader$1::run@13
  0x000002bce5acf140: 9cd8 e6ff 

  0x000002bce5acf144: ;   {other}
  0x000002bce5acf144: 0f1f 8400 | b40e 0003 

  0x000002bce5acf14c: ;   {metadata(method data for {method} {0x000002bc8041fad0} 'simpleConcat' '(Ljava/lang/Object;Ljava/lang/Object;)Ljava/lang/String;' in 'java/lang/StringConcatHelper')}
  0x000002bce5acf14c: 48ba 707a | 28fa bc02 | 0000 4883 | 8250 0200 | 0001 488b | d04c 8b84 | 24d8 0000 | 004c 8b8c 
  0x000002bce5acf16c: 24d0 0000 | 0066 0f1f 

  0x000002bce5acf174: ;   {static_call}
  0x000002bce5acf174: 4400 00e8 

  0x000002bce5acf178: ; ImmutableOopMap {[184]=Oop [216]=Oop }
                      ;*invokestatic prepend {reexecute=0 rethrow=0 return_oop=0}
                      ; - java.lang.StringConcatHelper::simpleConcat@81
                      ; - java.lang.String::concat@11
                      ; - java.net.URLClassLoader$1::run@13
  0x000002bce5acf178: 64d8 e6ff 

  0x000002bce5acf17c: ;   {other}
  0x000002bce5acf17c: 0f1f 8400 | ec0e 0004 

  0x000002bce5acf184: ;   {metadata(method data for {method} {0x000002bc8041fad0} 'simpleConcat' '(Ljava/lang/Object;Ljava/lang/Object;)Ljava/lang/String;' in 'java/lang/StringConcatHelper')}
  0x000002bce5acf184: 48ba 707a | 28fa bc02 | 0000 4883 | 8260 0200 | 0001 488b | 9424 d800 | 0000 4c8b | c066 0f1f 
  0x000002bce5acf1a4: ;   {static_call}
  0x000002bce5acf1a4: 4400 00e8 

  0x000002bce5acf1a8: ; ImmutableOopMap {[184]=Oop }
                      ;*invokestatic newString {reexecute=0 rethrow=0 return_oop=0}
                      ; - java.lang.StringConcatHelper::simpleConcat@90
                      ; - java.lang.String::concat@11
                      ; - java.net.URLClassLoader$1::run@13
  0x000002bce5acf1a8: 5483 e8ff 

  0x000002bce5acf1ac: ;   {other}
  0x000002bce5acf1ac: 0f1f 8400 | 1c0f 0005 | 488b 9424 | b800 0000 | 448b 4210 

  0x000002bce5acf1c0: ; implicit exception: dispatches to 0x000002bce5acf961
  0x000002bce5acf1c0: 418b 7054 

  0x000002bce5acf1c4: ; implicit exception: dispatches to 0x000002bce5acf966
  0x000002bce5acf1c4: 483b 064c 

  0x000002bce5acf1c8: ;   {metadata(method data for {method} {0x000002bcfa299460} 'run' '()Ljava/lang/Class;' in 'java/net/URLClassLoader$1')}
  0x000002bce5acf1c8: 8bc6 49b9 | b8d9 3bfa | bc02 0000 

  0x000002bce5acf1d4: ;   {metadata('jdk/internal/loader/URLClassPath')}
  0x000002bce5acf1d4: 49ba e0c4 | 1680 bc02 | 0000 4d89 | 9190 0100 | 0049 8381 | 9801 0000 | 014c 8bc0 | 41b9 0000 
  0x000002bce5acf1f4: 0000 488b | d666 0f1f 

  0x000002bce5acf1fc: ;   {optimized virtual_call}
  0x000002bce5acf1fc: 4400 00e8 

  0x000002bce5acf200: ; ImmutableOopMap {[184]=Oop }
                      ;*invokevirtual getResource {reexecute=0 rethrow=0 return_oop=0}
                      ; - java.net.URLClassLoader$1::run@26
  0x000002bce5acf200: fca6 feff 

  0x000002bce5acf204: ;   {other}
  0x000002bce5acf204: 0f1f 8400 | 740f 0006 

  0x000002bce5acf20c: ;   {metadata(method data for {method} {0x000002bcfa299460} 'run' '()Ljava/lang/Class;' in 'java/net/URLClassLoader$1')}
  0x000002bce5acf20c: 4885 c049 | b8b8 d93b | fabc 0200 | 0049 c7c1 | b801 0000 | 7407 49c7 | c1c8 0100 | 004b 8b14 
  0x000002bce5acf22c: 0848 8d52 | 014b 8914 | 080f 84f1 | 0000 0048 | 8b94 24b8 | 0000 008b | 7210 448b | 420c 483b 
  0x000002bce5acf24c: 064c 8bce 

  0x000002bce5acf250: ;   {metadata(method data for {method} {0x000002bcfa299460} 'run' '()Ljava/lang/Class;' in 'java/net/URLClassLoader$1')}
  0x000002bce5acf250: 48bf b8d9 | 3bfa bc02 | 0000 4883 | 87d8 0100 | 0001 4c8b | c848 8bd6 | 4889 8424 | e000 0000 
  0x000002bce5acf270: 0f1f 8000 

  0x000002bce5acf274: ;   {optimized virtual_call}
  0x000002bce5acf274: 0000 00e8 

  0x000002bce5acf278: ; ImmutableOopMap {[184]=Oop [224]=Oop }
                      ;*invokevirtual defineClass {reexecute=0 rethrow=0 return_oop=0}
                      ; - java.net.URLClassLoader$1::run@43
  0x000002bce5acf278: a452 0400 

  0x000002bce5acf27c: ;   {other}
  0x000002bce5acf27c: 0f1f 8400 | ec0f 0007 | 4881 c420 | 0100 005d 

  0x000002bce5acf28c: ;   {poll_return}
  0x000002bce5acf28c: 493b a750 | 0400 000f | 87d7 0600 | 00c3 498b | 8700 0500 | 004d 33d2 | 4d89 9700 | 0500 004d 
  0x000002bce5acf2ac: 33d2 4d89 | 9708 0500 | 0049 3b00 

  0x000002bce5acf2b8: ;   {metadata(method data for {method} {0x000002bcfa299460} 'run' '()Ljava/lang/Class;' in 'java/net/URLClassLoader$1')}
  0x000002bce5acf2b8: 498b d048 | beb8 d93b | fabc 0200 

  0x000002bce5acf2c4: ;   {metadata('jdk/internal/loader/URLClassPath$JarLoader$2')}
  0x000002bce5acf2c4: 0049 bad8 | 2121 80bc | 0200 004c | 8996 3002 | 0000 4883 | 8638 0200 | 0001 418b | 5010 4885 
  0x000002bce5acf2e4: ;   {metadata(method data for {method} {0x000002bcfa299460} 'run' '()Ljava/lang/Class;' in 'java/net/URLClassLoader$1')}
  0x000002bce5acf2e4: d248 beb8 | d93b fabc | 0200 0048 | c7c7 5802 | 0000 7407 | 48c7 c768 | 0200 0048 | 8b1c 3e48 
  0x000002bce5acf304: 8d5b 0148 | 891c 3e0f | 849b 0000 | 00e9 3600 | 0000 4881 | c420 0100 

  0x000002bce5acf31c: ;   {poll_return}
  0x000002bce5acf31c: 005d 493b | a750 0400 | 000f 8760 | 0600 00c3 

  0x000002bce5acf32c: ;   {oop(nullptr)}
  0x000002bce5acf32c: 48b8 0000 | 0000 0000 | 0000 4881 | c420 0100 

  0x000002bce5acf33c: ;   {poll_return}
  0x000002bce5acf33c: 005d 493b | a750 0400 | 000f 8756 | 0600 00c3 

  0x000002bce5acf34c: ;   {metadata(method data for {method} {0x000002bcfa299460} 'run' '()Ljava/lang/Class;' in 'java/net/URLClassLoader$1')}
  0x000002bce5acf34c: 48be b8d9 | 3bfa bc02 

  0x000002bce5acf354: ;   {metadata('jdk/internal/loader/URLClassPath$JarLoader$2')}
  0x000002bce5acf354: 0000 49ba | d821 2180 | bc02 0000 | 4c89 9688 | 0200 0048 | 8386 9002 | 0000 014c 

  0x000002bce5acf370: ;   {metadata(method data for {method} {0x000002bcfa299460} 'run' '()Ljava/lang/Class;' in 'java/net/URLClassLoader$1')}
  0x000002bce5acf370: 8bc0 48be | b8d9 3bfa | bc02 0000 | 4883 86b0 | 0200 0001 | 4c8b c248 | 8bd0 4889 | 8424 e800 
  0x000002bce5acf390: 0000 0f1f 

  0x000002bce5acf394: ;   {optimized virtual_call}
  0x000002bce5acf394: 4400 00e8 

  0x000002bce5acf398: ; ImmutableOopMap {[232]=Oop }
                      ;*invokevirtual addSuppressed {reexecute=0 rethrow=0 return_oop=0}
                      ; - java.net.URLClassLoader$1::run@74
  0x000002bce5acf398: e4f3 2a07 

  0x000002bce5acf39c: ;   {other}
  0x000002bce5acf39c: 0f1f 8400 | 0c11 0008 | 488b 8424 | e800 0000 | e985 0600 

  0x000002bce5acf3b0: ;   {metadata('java/lang/OutOfMemoryError')}
  0x000002bce5acf3b0: 0048 ba28 | 3602 80bc | 0200 0049 | 8b87 b801 | 0000 488d | 7828 493b | bfc8 0100 | 000f 87e4 
  0x000002bce5acf3d0: 0500 0049 | 89bf b801 | 0000 48c7 | 0001 0000 | 0048 8bca | 49ba 0000 | 0080 bc02 | 0000 492b 
  0x000002bce5acf3f0: ca89 4808 | 4833 c989 | 480c 4833 | c948 8948 | 1048 8948 | 1848 8948 | 204c 8bc0 

  0x000002bce5acf40c: ;   {metadata(method data for {method} {0x000002bc8041fbd8} 'newArray' '(J)[B' in 'java/lang/StringConcatHelper')}
  0x000002bce5acf40c: 48ba 48b1 | 03fa bc02 | 0000 4883 | 8230 0100 

  0x000002bce5acf41c: ;   {oop("Overflow: String length out of range"{0x0000000080001bd8})}
  0x000002bce5acf41c: 0001 49b8 | d81b 0080 | 0000 0000 | 488b d048 | 8984 24f0 | 0000 000f 

  0x000002bce5acf434: ;   {optimized virtual_call}
  0x000002bce5acf434: 1f40 00e8 

  0x000002bce5acf438: ; ImmutableOopMap {[184]=Oop [208]=Oop [240]=Oop }
                      ;*invokespecial <init> {reexecute=0 rethrow=0 return_oop=0}
                      ; - java.lang.StringConcatHelper::newArray@22
                      ; - java.lang.StringConcatHelper::simpleConcat@61
                      ; - java.lang.String::concat@11
                      ; - java.net.URLClassLoader$1::run@13
  0x000002bce5acf438: 44f3 2a07 

  0x000002bce5acf43c: ;   {other}
  0x000002bce5acf43c: 0f1f 8400 | ac11 0009 | 488b 8424 | f000 0000 | e9e5 0500 | 0048 8984 | 24d0 0000 

  0x000002bce5acf458: ;   {metadata('java/lang/OutOfMemoryError')}
  0x000002bce5acf458: 0048 ba28 | 3602 80bc | 0200 0049 | 8b87 b801 | 0000 488d | 7828 493b | bfc8 0100 | 000f 8749 
  0x000002bce5acf478: 0500 0049 | 89bf b801 | 0000 48c7 | 0001 0000 | 0048 8bca | 49ba 0000 | 0080 bc02 | 0000 492b 
  0x000002bce5acf498: ca89 4808 | 4833 c989 | 480c 4833 | c948 8948 | 1048 8948 | 1848 8948 | 204c 8bc0 

  0x000002bce5acf4b4: ;   {metadata(method data for {method} {0x000002bc8041f398} 'checkOverflow' '(J)J' in 'java/lang/StringConcatHelper')}
  0x000002bce5acf4b4: 48ba f80c | 26fa bc02 | 0000 4883 | 8230 0100 

  0x000002bce5acf4c4: ;   {oop("Overflow: String length out of range"{0x0000000080001bd8})}
  0x000002bce5acf4c4: 0001 49b8 | d81b 0080 | 0000 0000 | 488b d048 | 8984 24f8 | 0000 000f 

  0x000002bce5acf4dc: ;   {optimized virtual_call}
  0x000002bce5acf4dc: 1f40 00e8 

  0x000002bce5acf4e0: ; ImmutableOopMap {[184]=Oop [208]=Oop [248]=Oop }
                      ;*invokespecial <init> {reexecute=0 rethrow=0 return_oop=0}
                      ; - java.lang.StringConcatHelper::checkOverflow@13
                      ; - java.lang.StringConcatHelper::mix@23
                      ; - java.lang.StringConcatHelper::simpleConcat@54
                      ; - java.lang.String::concat@11
                      ; - java.net.URLClassLoader$1::run@13
  0x000002bce5acf4e0: 9cf2 2a07 

  0x000002bce5acf4e4: ;   {other}
  0x000002bce5acf4e4: 0f1f 8400 | 5412 000a | 488b 8424 | f800 0000 | e93d 0500 | 0048 8984 | 24d0 0000 

  0x000002bce5acf500: ;   {metadata('java/lang/OutOfMemoryError')}
  0x000002bce5acf500: 0048 ba28 | 3602 80bc | 0200 0049 | 8b87 b801 | 0000 488d | 7828 493b | bfc8 0100 | 000f 87ae 
  0x000002bce5acf520: 0400 0049 | 89bf b801 | 0000 48c7 | 0001 0000 | 0048 8bca | 49ba 0000 | 0080 bc02 | 0000 492b 
  0x000002bce5acf540: ca89 4808 | 4833 c989 | 480c 4833 | c948 8948 | 1048 8948 | 1848 8948 | 204c 8bc0 

  0x000002bce5acf55c: ;   {metadata(method data for {method} {0x000002bc8041f398} 'checkOverflow' '(J)J' in 'java/lang/StringConcatHelper')}
  0x000002bce5acf55c: 48ba f80c | 26fa bc02 | 0000 4883 | 8230 0100 

  0x000002bce5acf56c: ;   {oop("Overflow: String length out of range"{0x0000000080001bd8})}
  0x000002bce5acf56c: 0001 49b8 | d81b 0080 | 0000 0000 | 488b d048 | 8984 2400 | 0100 000f 

  0x000002bce5acf584: ;   {optimized virtual_call}
  0x000002bce5acf584: 1f40 00e8 

  0x000002bce5acf588: ; ImmutableOopMap {[184]=Oop [208]=Oop [256]=Oop }
                      ;*invokespecial <init> {reexecute=0 rethrow=0 return_oop=0}
                      ; - java.lang.StringConcatHelper::checkOverflow@13
                      ; - java.lang.StringConcatHelper::mix@23
                      ; - java.lang.StringConcatHelper::simpleConcat@46
                      ; - java.lang.String::concat@11
                      ; - java.net.URLClassLoader$1::run@13
  0x000002bce5acf588: f4f1 2a07 

  0x000002bce5acf58c: ;   {other}
  0x000002bce5acf58c: 0f1f 8400 | fc12 000b | 488b 8424 | 0001 0000 | e995 0400 | 004c 8b84 | 24b8 0000 | 0049 8b87 
  0x000002bce5acf5ac: 0005 0000 | 4d33 d24d | 8997 0005 | 0000 4d33 | d24d 8997 | 0805 0000 | 4c8b c890 

  0x000002bce5acf5c8: ;   {no_reloc}
  0x000002bce5acf5c8: e920 0400 | 0000 0000 | 0000 498b | 87b8 0100 | 0048 8d78 | 2849 3bbf | c801 0000 | 0f87 0d04 
  0x000002bce5acf5e8: 0000 4989 | bfb8 0100 | 0048 c700 | 0100 0000 | 488b ca49 | ba00 0000 | 80bc 0200 | 0049 2bca 
  0x000002bce5acf608: 8948 0848 | 33c9 8948 | 0c48 33c9 | 4889 4810 | 4889 4818 | 4889 4820 | 458b 400c 

  0x000002bce5acf624: ;   {metadata(method data for {method} {0x000002bcfa299460} 'run' '()Ljava/lang/Class;' in 'java/net/URLClassLoader$1')}
  0x000002bce5acf624: 488b d048 | beb8 d93b | fabc 0200 | 0048 8386 | 1002 0000 | 0148 8bd0 | 4889 8424 | 0801 0000 
  0x000002bce5acf644: ;   {optimized virtual_call}
  0x000002bce5acf644: 6666 90e8 

  0x000002bce5acf648: ; ImmutableOopMap {[264]=Oop }
                      ;*invokespecial <init> {reexecute=0 rethrow=0 return_oop=0}
                      ; - java.net.URLClassLoader$1::run@57
  0x000002bce5acf648: 34f1 2a07 

  0x000002bce5acf64c: ;   {other}
  0x000002bce5acf64c: 0f1f 8400 | bc13 000c | 488b 8424 | 0801 0000 | e9d5 0300 

  0x000002bce5acf660: ;   {metadata({method} {0x000002bcfa299460} 'run' '()Ljava/lang/Class;' in 'java/net/URLClassLoader$1')}
  0x000002bce5acf660: 0049 ba58 | 9429 fabc | 0200 004c | 8954 2408 | 48c7 0424 | ffff ffff 

  0x000002bce5acf678: ;   {runtime_call counter_overflow Runtime1 stub}
  0x000002bce5acf678: e803 6636 

  0x000002bce5acf67c: ; ImmutableOopMap {rdx=Oop [184]=Oop }
                      ;*synchronization entry
                      ; - java.net.URLClassLoader$1::run@-1
  0x000002bce5acf67c: 07e9 31f0 

  0x000002bce5acf680: ;   {runtime_call throw_null_pointer_exception Runtime1 stub}
  0x000002bce5acf680: ffff e879 

  0x000002bce5acf684: ; ImmutableOopMap {rdx=Oop rsi=Oop [184]=Oop }
                      ;*invokevirtual replace {reexecute=0 rethrow=0 return_oop=0}
                      ; - java.net.URLClassLoader$1::run@8
                      ;   {runtime_call throw_null_pointer_exception Runtime1 stub}
  0x000002bce5acf684: 292d 07e8 

  0x000002bce5acf688: ; ImmutableOopMap {rax=Oop [184]=Oop }
                      ;*invokevirtual concat {reexecute=0 rethrow=0 return_oop=0}
                      ; - java.net.URLClassLoader$1::run@13
  0x000002bce5acf688: 7429 2d07 

  0x000002bce5acf68c: ;   {metadata({method} {0x000002bc80452db8} 'concat' '(Ljava/lang/String;)Ljava/lang/String;' in 'java/lang/String')}
  0x000002bce5acf68c: 49ba b02d | 4580 bc02 | 0000 4c89 | 5424 0848 | c704 24ff 

  0x000002bce5acf6a0: ;   {runtime_call counter_overflow Runtime1 stub}
  0x000002bce5acf6a0: ffff ffe8 

  0x000002bce5acf6a4: ; ImmutableOopMap {rax=Oop [184]=Oop }
                      ;*synchronization entry
                      ; - java.lang.String::concat@-1
                      ; - java.net.URLClassLoader$1::run@13
  0x000002bce5acf6a4: d865 3607 | e97e f0ff 

  0x000002bce5acf6ac: ;   {metadata({method} {0x000002bc8000ef40} 'isEmpty' '()Z' in 'java/lang/String')}
  0x000002bce5acf6ac: ff49 ba38 | ef00 80bc | 0200 004c | 8954 2408 | 48c7 0424 | ffff ffff 

  0x000002bce5acf6c4: ;   {runtime_call counter_overflow Runtime1 stub}
  0x000002bce5acf6c4: e8b7 6536 

  0x000002bce5acf6c8: ; ImmutableOopMap {rax=Oop [184]=Oop }
                      ;*synchronization entry
                      ; - java.lang.String::isEmpty@-1
                      ; - java.lang.String::concat@1
                      ; - java.net.URLClassLoader$1::run@13
  0x000002bce5acf6c8: 07e9 a0f0 

  0x000002bce5acf6cc: ;   {metadata({method} {0x000002bc8041fad0} 'simpleConcat' '(Ljava/lang/Object;Ljava/lang/Object;)Ljava/lang/String;' in 'java/lang/StringConcatHelper')}
  0x000002bce5acf6cc: ffff 49ba | c8fa 4180 | bc02 0000 | 4c89 5424 | 0848 c704 | 24ff ffff 

  0x000002bce5acf6e4: ;   {runtime_call counter_overflow Runtime1 stub}
  0x000002bce5acf6e4: ffe8 9665 

  0x000002bce5acf6e8: ; ImmutableOopMap {rax=Oop [184]=Oop }
                      ;*synchronization entry
                      ; - java.lang.StringConcatHelper::simpleConcat@-1
                      ; - java.lang.String::concat@11
                      ; - java.net.URLClassLoader$1::run@13
  0x000002bce5acf6e8: 3607 e9d8 

  0x000002bce5acf6ec: ;   {metadata({method} {0x000002bc8041f340} 'stringOf' '(Ljava/lang/Object;)Ljava/lang/String;' in 'java/lang/StringConcatHelper')}
  0x000002bce5acf6ec: f0ff ff49 | ba38 f341 | 80bc 0200 | 004c 8954 | 2408 48c7 | 0424 ffff 

  0x000002bce5acf704: ;   {runtime_call counter_overflow Runtime1 stub}
  0x000002bce5acf704: ffff e875 

  0x000002bce5acf708: ; ImmutableOopMap {rax=Oop [184]=Oop }
                      ;*synchronization entry
                      ; - java.lang.StringConcatHelper::stringOf@-1
                      ; - java.lang.StringConcatHelper::simpleConcat@1
                      ; - java.lang.String::concat@11
                      ; - java.net.URLClassLoader$1::run@13
  0x000002bce5acf708: 6536 07e9 | f0f0 ffff 

  0x000002bce5acf710: ;   {metadata({method} {0x000002bc8000eb78} 'toString' '()Ljava/lang/String;' in 'java/lang/String')}
  0x000002bce5acf710: 49ba 70eb | 0080 bc02 | 0000 4c89 | 5424 0848 | c704 24ff 

  0x000002bce5acf724: ;   {runtime_call counter_overflow Runtime1 stub}
  0x000002bce5acf724: ffff ffe8 

  0x000002bce5acf728: ; ImmutableOopMap {rax=Oop [184]=Oop }
                      ;*synchronization entry
                      ; - java.lang.String::toString@-1
                      ; - java.lang.StringConcatHelper::stringOf@5
                      ; - java.lang.StringConcatHelper::simpleConcat@1
                      ; - java.lang.String::concat@11
                      ; - java.net.URLClassLoader$1::run@13
  0x000002bce5acf728: 5465 3607 | e93a f1ff 

  0x000002bce5acf730: ;   {metadata({method} {0x000002bc8041f340} 'stringOf' '(Ljava/lang/Object;)Ljava/lang/String;' in 'java/lang/StringConcatHelper')}
  0x000002bce5acf730: ff49 ba38 | f341 80bc | 0200 004c | 8954 2408 | 48c7 0424 | ffff ffff 

  0x000002bce5acf748: ;   {runtime_call counter_overflow Runtime1 stub}
  0x000002bce5acf748: e833 6536 

  0x000002bce5acf74c: ; ImmutableOopMap {rax=Oop [184]=Oop }
                      ;*synchronization entry
                      ; - java.lang.StringConcatHelper::stringOf@-1
                      ; - java.lang.StringConcatHelper::simpleConcat@6
                      ; - java.lang.String::concat@11
                      ; - java.net.URLClassLoader$1::run@13
  0x000002bce5acf74c: 07e9 9bf1 

  0x000002bce5acf750: ;   {metadata({method} {0x000002bc8000eb78} 'toString' '()Ljava/lang/String;' in 'java/lang/String')}
  0x000002bce5acf750: ffff 49ba | 70eb 0080 | bc02 0000 | 4c89 5424 | 0848 c704 | 24ff ffff 

  0x000002bce5acf768: ;   {runtime_call counter_overflow Runtime1 stub}
  0x000002bce5acf768: ffe8 1265 

  0x000002bce5acf76c: ; ImmutableOopMap {rax=Oop [184]=Oop }
                      ;*synchronization entry
                      ; - java.lang.String::toString@-1
                      ; - java.lang.StringConcatHelper::stringOf@5
                      ; - java.lang.StringConcatHelper::simpleConcat@6
                      ; - java.lang.String::concat@11
                      ; - java.net.URLClassLoader$1::run@13
  0x000002bce5acf76c: 3607 e9cd 

  0x000002bce5acf770: ;   {runtime_call throw_null_pointer_exception Runtime1 stub}
  0x000002bce5acf770: f1ff ffe8 

  0x000002bce5acf774: ; ImmutableOopMap {rax=Oop [184]=Oop }
                      ;*invokevirtual isEmpty {reexecute=0 rethrow=0 return_oop=0}
                      ; - java.lang.StringConcatHelper::simpleConcat@11
                      ; - java.lang.String::concat@11
                      ; - java.net.URLClassLoader$1::run@13
  0x000002bce5acf774: 8828 2d07 

  0x000002bce5acf778: ;   {metadata({method} {0x000002bc8000ef40} 'isEmpty' '()Z' in 'java/lang/String')}
  0x000002bce5acf778: 49ba 38ef | 0080 bc02 | 0000 4c89 | 5424 0848 | c704 24ff 

  0x000002bce5acf78c: ;   {runtime_call counter_overflow Runtime1 stub}
  0x000002bce5acf78c: ffff ffe8 

  0x000002bce5acf790: ; ImmutableOopMap {rax=Oop [184]=Oop }
                      ;*synchronization entry
                      ; - java.lang.String::isEmpty@-1
                      ; - java.lang.StringConcatHelper::simpleConcat@11
                      ; - java.lang.String::concat@11
                      ; - java.net.URLClassLoader$1::run@13
  0x000002bce5acf790: ec64 3607 | e9f6 f1ff 

  0x000002bce5acf798: ;   {runtime_call throw_null_pointer_exception Runtime1 stub}
  0x000002bce5acf798: ffe8 6228 

  0x000002bce5acf79c: ; ImmutableOopMap {rax=Oop [184]=Oop }
                      ;*arraylength {reexecute=0 rethrow=0 return_oop=0}
                      ; - java.lang.String::isEmpty@4
                      ; - java.lang.StringConcatHelper::simpleConcat@11
                      ; - java.lang.String::concat@11
                      ; - java.net.URLClassLoader$1::run@13
  0x000002bce5acf79c: 2d07 488b 

  0x000002bce5acf7a0: ;   {runtime_call fast_new_instance Runtime1 stub}
  0x000002bce5acf7a0: d2e8 5a1f 

  0x000002bce5acf7a4: ; ImmutableOopMap {[184]=Oop }
                      ;*new {reexecute=0 rethrow=0 return_oop=0}
                      ; - java.lang.StringConcatHelper::simpleConcat@17
                      ; - java.lang.String::concat@11
                      ; - java.net.URLClassLoader$1::run@13
  0x000002bce5acf7a4: 2d07 e9b8 

  0x000002bce5acf7a8: ;   {metadata({method} {0x000002bc8000ef40} 'isEmpty' '()Z' in 'java/lang/String')}
  0x000002bce5acf7a8: f2ff ff49 | ba38 ef00 | 80bc 0200 | 004c 8954 | 2408 48c7 | 0424 ffff 

  0x000002bce5acf7c0: ;   {runtime_call counter_overflow Runtime1 stub}
  0x000002bce5acf7c0: ffff e8b9 

  0x000002bce5acf7c4: ; ImmutableOopMap {rax=Oop [184]=Oop }
                      ;*synchronization entry
                      ; - java.lang.String::isEmpty@-1
                      ; - java.lang.StringConcatHelper::simpleConcat@27
                      ; - java.lang.String::concat@11
                      ; - java.net.URLClassLoader$1::run@13
  0x000002bce5acf7c4: 6436 07e9 | 25f3 ffff 

  0x000002bce5acf7cc: ;   {metadata({method} {0x000002bc8041f3f0} 'initialCoder' '()J' in 'java/lang/StringConcatHelper')}
  0x000002bce5acf7cc: 49ba e8f3 | 4180 bc02 | 0000 4c89 | 5424 0848 | c704 24ff 

  0x000002bce5acf7e0: ;   {runtime_call counter_overflow Runtime1 stub}
  0x000002bce5acf7e0: ffff ffe8 

  0x000002bce5acf7e4: ; ImmutableOopMap {rax=Oop [184]=Oop }
                      ;*synchronization entry
                      ; - java.lang.StringConcatHelper::initialCoder@-1
                      ; - java.lang.StringConcatHelper::simpleConcat@42
                      ; - java.lang.String::concat@11
                      ; - java.net.URLClassLoader$1::run@13
  0x000002bce5acf7e4: 9864 3607 | e962 f3ff 

  0x000002bce5acf7ec: ;   {metadata({method} {0x000002bc8041f918} 'mix' '(JLjava/lang/String;)J' in 'java/lang/StringConcatHelper')}
  0x000002bce5acf7ec: ff49 ba10 | f941 80bc | 0200 004c | 8954 2408 | 48c7 0424 | ffff ffff 

  0x000002bce5acf804: ;   {runtime_call counter_overflow Runtime1 stub}
  0x000002bce5acf804: e877 6436 

  0x000002bce5acf808: ; ImmutableOopMap {rax=Oop [184]=Oop }
                      ;*synchronization entry
                      ; - java.lang.StringConcatHelper::mix@-1
                      ; - java.lang.StringConcatHelper::simpleConcat@46
                      ; - java.lang.String::concat@11
                      ; - java.net.URLClassLoader$1::run@13
  0x000002bce5acf808: 07e9 9ff3 

  0x000002bce5acf80c: ;   {metadata({method} {0x000002bc8000ee90} 'length' '()I' in 'java/lang/String')}
  0x000002bce5acf80c: ffff 49ba | 88ee 0080 | bc02 0000 | 4c89 5424 | 0848 c704 | 24ff ffff 

  0x000002bce5acf824: ;   {runtime_call counter_overflow Runtime1 stub}
  0x000002bce5acf824: ffe8 5664 

  0x000002bce5acf828: ; ImmutableOopMap {rax=Oop [184]=Oop }
                      ;*synchronization entry
                      ; - java.lang.String::length@-1
                      ; - java.lang.StringConcatHelper::mix@2
                      ; - java.lang.StringConcatHelper::simpleConcat@46
                      ; - java.lang.String::concat@11
                      ; - java.net.URLClassLoader$1::run@13
  0x000002bce5acf828: 3607 e9bf 

  0x000002bce5acf82c: ;   {metadata({method} {0x000002bc80455018} 'coder' '()B' in 'java/lang/String')}
  0x000002bce5acf82c: f3ff ff49 | ba10 5045 | 80bc 0200 | 004c 8954 | 2408 48c7 | 0424 ffff 

  0x000002bce5acf844: ;   {runtime_call counter_overflow Runtime1 stub}
  0x000002bce5acf844: ffff e835 

  0x000002bce5acf848: ; ImmutableOopMap {rax=Oop [184]=Oop }
                      ;*synchronization entry
                      ; - java.lang.String::coder@-1
                      ; - java.lang.String::length@6
                      ; - java.lang.StringConcatHelper::mix@2
                      ; - java.lang.StringConcatHelper::simpleConcat@46
                      ; - java.lang.String::concat@11
                      ; - java.net.URLClassLoader$1::run@13
  0x000002bce5acf848: 6436 07e9 | dff3 ffff 

  0x000002bce5acf850: ;   {metadata({method} {0x000002bc80455018} 'coder' '()B' in 'java/lang/String')}
  0x000002bce5acf850: 49ba 1050 | 4580 bc02 | 0000 4c89 | 5424 0848 | c704 24ff 

  0x000002bce5acf864: ;   {runtime_call counter_overflow Runtime1 stub}
  0x000002bce5acf864: ffff ffe8 

  0x000002bce5acf868: ; ImmutableOopMap {rax=Oop [184]=Oop }
                      ;*synchronization entry
                      ; - java.lang.String::coder@-1
                      ; - java.lang.StringConcatHelper::mix@9
                      ; - java.lang.StringConcatHelper::simpleConcat@46
                      ; - java.lang.String::concat@11
                      ; - java.net.URLClassLoader$1::run@13
  0x000002bce5acf868: 1464 3607 | e936 f4ff 

  0x000002bce5acf870: ;   {metadata({method} {0x000002bc8041f398} 'checkOverflow' '(J)J' in 'java/lang/StringConcatHelper')}
  0x000002bce5acf870: ff49 ba90 | f341 80bc | 0200 004c | 8954 2408 | 48c7 0424 | ffff ffff 

  0x000002bce5acf888: ;   {runtime_call counter_overflow Runtime1 stub}
  0x000002bce5acf888: e8f3 6336 

  0x000002bce5acf88c: ; ImmutableOopMap {rax=Oop [184]=Oop }
                      ;*synchronization entry
                      ; - java.lang.StringConcatHelper::checkOverflow@-1
                      ; - java.lang.StringConcatHelper::mix@23
                      ; - java.lang.StringConcatHelper::simpleConcat@46
                      ; - java.lang.String::concat@11
                      ; - java.net.URLClassLoader$1::run@13
  0x000002bce5acf88c: 07e9 b0f4 

  0x000002bce5acf890: ;   {metadata({method} {0x000002bc8041f918} 'mix' '(JLjava/lang/String;)J' in 'java/lang/StringConcatHelper')}
  0x000002bce5acf890: ffff 49ba | 10f9 4180 | bc02 0000 | 4c89 5424 | 0848 c704 | 24ff ffff 

  0x000002bce5acf8a8: ;   {runtime_call counter_overflow Runtime1 stub}
  0x000002bce5acf8a8: ffe8 d263 

  0x000002bce5acf8ac: ; ImmutableOopMap {rax=Oop [184]=Oop }
                      ;*synchronization entry
                      ; - java.lang.StringConcatHelper::mix@-1
                      ; - java.lang.StringConcatHelper::simpleConcat@54
                      ; - java.lang.String::concat@11
                      ; - java.net.URLClassLoader$1::run@13
  0x000002bce5acf8ac: 3607 e9fd 

  0x000002bce5acf8b0: ;   {metadata({method} {0x000002bc8000ee90} 'length' '()I' in 'java/lang/String')}
  0x000002bce5acf8b0: f4ff ff49 | ba88 ee00 | 80bc 0200 | 004c 8954 | 2408 48c7 | 0424 ffff 

  0x000002bce5acf8c8: ;   {runtime_call counter_overflow Runtime1 stub}
  0x000002bce5acf8c8: ffff e8b1 

  0x000002bce5acf8cc: ; ImmutableOopMap {rax=Oop rcx=Oop [184]=Oop }
                      ;*synchronization entry
                      ; - java.lang.String::length@-1
                      ; - java.lang.StringConcatHelper::mix@2
                      ; - java.lang.StringConcatHelper::simpleConcat@54
                      ; - java.lang.String::concat@11
                      ; - java.net.URLClassLoader$1::run@13
  0x000002bce5acf8cc: 6336 07e9 | 27f5 ffff 

  0x000002bce5acf8d4: ;   {metadata({method} {0x000002bc80455018} 'coder' '()B' in 'java/lang/String')}
  0x000002bce5acf8d4: 49ba 1050 | 4580 bc02 | 0000 4c89 | 5424 0848 | c704 24ff 

  0x000002bce5acf8e8: ;   {runtime_call counter_overflow Runtime1 stub}
  0x000002bce5acf8e8: ffff ffe8 

  0x000002bce5acf8ec: ; ImmutableOopMap {rax=Oop [184]=Oop }
                      ;*synchronization entry
                      ; - java.lang.String::coder@-1
                      ; - java.lang.String::length@6
                      ; - java.lang.StringConcatHelper::mix@2
                      ; - java.lang.StringConcatHelper::simpleConcat@54
                      ; - java.lang.String::concat@11
                      ; - java.net.URLClassLoader$1::run@13
  0x000002bce5acf8ec: 9063 3607 | e944 f5ff 

  0x000002bce5acf8f4: ;   {metadata({method} {0x000002bc80455018} 'coder' '()B' in 'java/lang/String')}
  0x000002bce5acf8f4: ff49 ba10 | 5045 80bc | 0200 004c | 8954 2408 | 48c7 0424 | ffff ffff 

  0x000002bce5acf90c: ;   {runtime_call counter_overflow Runtime1 stub}
  0x000002bce5acf90c: e86f 6336 

  0x000002bce5acf910: ; ImmutableOopMap {rax=Oop [184]=Oop }
                      ;*synchronization entry
                      ; - java.lang.String::coder@-1
                      ; - java.lang.StringConcatHelper::mix@9
                      ; - java.lang.StringConcatHelper::simpleConcat@54
                      ; - java.lang.String::concat@11
                      ; - java.net.URLClassLoader$1::run@13
  0x000002bce5acf910: 07e9 9df5 

  0x000002bce5acf914: ;   {metadata({method} {0x000002bc8041f398} 'checkOverflow' '(J)J' in 'java/lang/StringConcatHelper')}
  0x000002bce5acf914: ffff 49ba | 90f3 4180 | bc02 0000 | 4c89 5424 | 0848 c704 | 24ff ffff 

  0x000002bce5acf92c: ;   {runtime_call counter_overflow Runtime1 stub}
  0x000002bce5acf92c: ffe8 4e63 

  0x000002bce5acf930: ; ImmutableOopMap {rax=Oop [184]=Oop }
                      ;*synchronization entry
                      ; - java.lang.StringConcatHelper::checkOverflow@-1
                      ; - java.lang.StringConcatHelper::mix@23
                      ; - java.lang.StringConcatHelper::simpleConcat@54
                      ; - java.lang.String::concat@11
                      ; - java.net.URLClassLoader$1::run@13
  0x000002bce5acf930: 3607 e9ea 

  0x000002bce5acf934: ;   {metadata({method} {0x000002bc8041fbd8} 'newArray' '(J)[B' in 'java/lang/StringConcatHelper')}
  0x000002bce5acf934: f5ff ff49 | bad0 fb41 | 80bc 0200 | 004c 8954 | 2408 48c7 | 0424 ffff 

  0x000002bce5acf94c: ;   {runtime_call counter_overflow Runtime1 stub}
  0x000002bce5acf94c: ffff e82d 

  0x000002bce5acf950: ; ImmutableOopMap {rax=Oop [184]=Oop }
                      ;*synchronization entry
                      ; - java.lang.StringConcatHelper::newArray@-1
                      ; - java.lang.StringConcatHelper::simpleConcat@61
                      ; - java.lang.String::concat@11
                      ; - java.net.URLClassLoader$1::run@13
  0x000002bce5acf950: 6336 07e9 | 39f6 ffff | 4889 0424 

  0x000002bce5acf95c: ;   {runtime_call throw_class_cast_exception Runtime1 stub}
  0x000002bce5acf95c: e81f 3636 

  0x000002bce5acf960: ; ImmutableOopMap {[184]=Oop [208]=Oop }
                      ;*checkcast {reexecute=0 rethrow=0 return_oop=0}
                      ; - java.lang.StringConcatHelper::newArray@36
                      ; - java.lang.StringConcatHelper::simpleConcat@61
                      ; - java.lang.String::concat@11
                      ; - java.net.URLClassLoader$1::run@13
                      ;   {runtime_call throw_null_pointer_exception Runtime1 stub}
  0x000002bce5acf960: 07e8 9a26 

  0x000002bce5acf964: ; ImmutableOopMap {rax=Oop rdx=Oop [184]=Oop }
                      ;*getfield ucp {reexecute=1 rethrow=0 return_oop=0}
                      ; - (reexecute) java.net.URLClassLoader$1::run@21
                      ;   {runtime_call throw_null_pointer_exception Runtime1 stub}
  0x000002bce5acf964: 2d07 e895 

  0x000002bce5acf968: ; ImmutableOopMap {rax=Oop rdx=Oop rsi=Oop [184]=Oop }
                      ;*invokevirtual getResource {reexecute=0 rethrow=0 return_oop=0}
                      ; - java.net.URLClassLoader$1::run@26
                      ;   {runtime_call throw_null_pointer_exception Runtime1 stub}
  0x000002bce5acf968: 262d 07e8 

  0x000002bce5acf96c: ; ImmutableOopMap {rax=Oop rdx=Oop rsi=Oop r8=Oop [184]=Oop }
                      ;*invokevirtual defineClass {reexecute=0 rethrow=0 return_oop=0}
                      ; - java.net.URLClassLoader$1::run@43
  0x000002bce5acf96c: 9026 2d07 

  0x000002bce5acf970: ;   {internal_word}
  0x000002bce5acf970: 49ba 8cf2 | ace5 bc02 | 0000 4d89 | 9768 0400 

  0x000002bce5acf980: ;   {runtime_call SafepointBlob}
  0x000002bce5acf980: 00e9 7a51 

  0x000002bce5acf984: ;   {runtime_call throw_null_pointer_exception Runtime1 stub}
  0x000002bce5acf984: 2b07 e875 

  0x000002bce5acf988: ; ImmutableOopMap {r8=Oop rax=Oop }
                      ;*invokevirtual getDataError {reexecute=0 rethrow=0 return_oop=0}
                      ; - java.net.URLClassLoader$1::run@63
                      ;   {internal_word}
  0x000002bce5acf988: 262d 0749 | ba1e f3ac | e5bc 0200 | 004d 8997 | 6804 0000 

  0x000002bce5acf99c: ;   {runtime_call SafepointBlob}
  0x000002bce5acf99c: e95f 512b 

  0x000002bce5acf9a0: ;   {internal_word}
  0x000002bce5acf9a0: 0749 ba3e | f3ac e5bc | 0200 004d | 8997 6804 

  0x000002bce5acf9b0: ;   {runtime_call SafepointBlob}
  0x000002bce5acf9b0: 0000 e949 | 512b 0748 

  0x000002bce5acf9b8: ;   {runtime_call fast_new_instance Runtime1 stub}
  0x000002bce5acf9b8: 8bd2 e841 

  0x000002bce5acf9bc: ; ImmutableOopMap {[184]=Oop [208]=Oop }
                      ;*new {reexecute=0 rethrow=0 return_oop=0}
                      ; - java.lang.StringConcatHelper::newArray@16
                      ; - java.lang.StringConcatHelper::simpleConcat@61
                      ; - java.lang.String::concat@11
                      ; - java.net.URLClassLoader$1::run@13
  0x000002bce5acf9bc: 1d2d 07e9 | 45fa ffff 

  0x000002bce5acf9c4: ;   {runtime_call fast_new_instance Runtime1 stub}
  0x000002bce5acf9c4: 488b d2e8 

  0x000002bce5acf9c8: ; ImmutableOopMap {[184]=Oop [208]=Oop }
                      ;*new {reexecute=0 rethrow=0 return_oop=0}
                      ; - java.lang.StringConcatHelper::checkOverflow@7
                      ; - java.lang.StringConcatHelper::mix@23
                      ; - java.lang.StringConcatHelper::simpleConcat@54
                      ; - java.lang.String::concat@11
                      ; - java.net.URLClassLoader$1::run@13
  0x000002bce5acf9c8: 341d 2d07 | e9e0 faff | ff48 8bd2 

  0x000002bce5acf9d4: ;   {runtime_call fast_new_instance Runtime1 stub}
  0x000002bce5acf9d4: e827 1d2d 

  0x000002bce5acf9d8: ; ImmutableOopMap {[184]=Oop [208]=Oop }
                      ;*new {reexecute=0 rethrow=0 return_oop=0}
                      ; - java.lang.StringConcatHelper::checkOverflow@7
                      ; - java.lang.StringConcatHelper::mix@23
                      ; - java.lang.StringConcatHelper::simpleConcat@46
                      ; - java.lang.String::concat@11
                      ; - java.net.URLClassLoader$1::run@13
  0x000002bce5acf9d8: 07e9 7bfb 

  0x000002bce5acf9dc: ;   {metadata(nullptr)}
  0x000002bce5acf9dc: ffff 48ba | 0000 0000 | 0000 0000 | b800 0f05 

  0x000002bce5acf9ec: ;   {runtime_call load_klass_patching Runtime1 stub}
  0x000002bce5acf9ec: 0ae8 0e52 

  0x000002bce5acf9f0: ; ImmutableOopMap {r8=Oop r9=Oop [184]=Oop }
                      ;*new {reexecute=1 rethrow=0 return_oop=0}
                      ; - (reexecute) java.net.URLClassLoader$1::run@48
  0x000002bce5acf9f0: 3607 e9d1 | fbff ff48 

  0x000002bce5acf9f8: ;   {runtime_call fast_new_instance Runtime1 stub}
  0x000002bce5acf9f8: 8bd2 e801 

  0x000002bce5acf9fc: ; ImmutableOopMap {r8=Oop r9=Oop [184]=Oop }
                      ;*new {reexecute=0 rethrow=0 return_oop=0}
                      ; - java.net.URLClassLoader$1::run@48
  0x000002bce5acf9fc: 1d2d 07e9 | 1cfc ffff | 4c8b 8424 | e000 0000 | e989 f8ff | ff4c 8bc0 | e981 f8ff | ff49 8b87 
  0x000002bce5acfa1c: 0005 0000 | 49c7 8700 | 0500 0000 | 0000 0049 | c787 0805 | 0000 0000 | 0000 4881 | c420 0100 
  0x000002bce5acfa3c: ;   {runtime_call unwind_exception Runtime1 stub}
  0x000002bce5acfa3c: 005d e9bd | 342d 07f4 | f4f4 f4f4 
[Stub Code]
  0x000002bce5acfa48: ;   {no_reloc}
  0x000002bce5acfa48: 0f1f 4400 

  0x000002bce5acfa4c: ;   {static_stub}
  0x000002bce5acfa4c: 0048 bb00 | 0000 0000 

  0x000002bce5acfa54: ;   {runtime_call nmethod}
  0x000002bce5acfa54: 0000 00e9 | fbff ffff 

  0x000002bce5acfa5c: ;   {static_stub}
  0x000002bce5acfa5c: 48bb 0000 | 0000 0000 

  0x000002bce5acfa64: ;   {runtime_call nmethod}
  0x000002bce5acfa64: 0000 e9fb 

  0x000002bce5acfa68: ;   {static_stub}
  0x000002bce5acfa68: ffff ff48 | bb00 0000 | 0000 0000 

  0x000002bce5acfa74: ;   {runtime_call nmethod}
  0x000002bce5acfa74: 00e9 fbff 

  0x000002bce5acfa78: ;   {static_stub}
  0x000002bce5acfa78: ffff 48bb | 0000 0000 | 0000 0000 

  0x000002bce5acfa84: ;   {runtime_call nmethod}
  0x000002bce5acfa84: e9fb ffff 

  0x000002bce5acfa88: ;   {static_stub}
  0x000002bce5acfa88: ff48 bb00 | 0000 0000 

  0x000002bce5acfa90: ;   {runtime_call nmethod}
  0x000002bce5acfa90: 0000 00e9 | fbff ffff 

  0x000002bce5acfa98: ;   {static_stub}
  0x000002bce5acfa98: 48bb 0000 | 0000 0000 

  0x000002bce5acfaa0: ;   {runtime_call nmethod}
  0x000002bce5acfaa0: 0000 e9fb 

  0x000002bce5acfaa4: ;   {static_stub}
  0x000002bce5acfaa4: ffff ff48 | bb00 0000 | 0000 0000 

  0x000002bce5acfab0: ;   {runtime_call nmethod}
  0x000002bce5acfab0: 00e9 fbff 

  0x000002bce5acfab4: ;   {static_stub}
  0x000002bce5acfab4: ffff 48bb | 0000 0000 | 0000 0000 

  0x000002bce5acfac0: ;   {runtime_call nmethod}
  0x000002bce5acfac0: e9fb ffff 

  0x000002bce5acfac4: ;   {static_stub}
  0x000002bce5acfac4: ff48 bb78 | 640a fabc 

  0x000002bce5acfacc: ;   {runtime_call I2C/C2I adapters}
  0x000002bce5acfacc: 0200 00e9 | 97b5 2a07 

  0x000002bce5acfad4: ;   {static_stub}
  0x000002bce5acfad4: 48bb 0000 | 0000 0000 

  0x000002bce5acfadc: ;   {runtime_call nmethod}
  0x000002bce5acfadc: 0000 e9fb 

  0x000002bce5acfae0: ;   {runtime_call handle_exception_from_callee Runtime1 stub}
  0x000002bce5acfae0: ffff ffe8 | 1807 2d07 

  0x000002bce5acfae8: ;   {external_word}
  0x000002bce5acfae8: 48b9 4053 | 5687 f97f | 0000 4883 

  0x000002bce5acfaf4: ;   {runtime_call}
  0x000002bce5acfaf4: e4f0 48b8 | b0c3 1887 | f97f 0000 

  0x000002bce5acfb00: ;   {section_word}
  0x000002bce5acfb00: ffd0 f449 | ba03 fbac | e5bc 0200 

  0x000002bce5acfb0c: ;   {runtime_call DeoptimizationBlob}
  0x000002bce5acfb0c: 0041 52e9 | 8c42 2b07 | f4f4 f4f4 
[/MachCode]


---------------  P R O C E S S  ---------------

Threads class SMR info:
_java_thread_list=0x000002bcfe7773b0, length=13, elements={
0x000002bce25f7c60, 0x000002bce24dda30, 0x000002bce24df080, 0x000002bce24e1cf0,
0x000002bce24e2950, 0x000002bce24e54c0, 0x000002bce24e5f20, 0x000002bce24e6d60,
0x000002bce255ae50, 0x000002bcf9cc92d0, 0x000002bcf9deb030, 0x000002bcfe73fe10,
0x000002bcfe780690
}

Java Threads: ( => current thread )
  0x000002bce25f7c60 JavaThread "main"                              [_thread_blocked, id=9460, stack(0x000000c097300000,0x000000c097400000) (1024K)]
  0x000002bce24dda30 JavaThread "Reference Handler"          daemon [_thread_blocked, id=21176, stack(0x000000c097700000,0x000000c097800000) (1024K)]
  0x000002bce24df080 JavaThread "Finalizer"                  daemon [_thread_blocked, id=20360, stack(0x000000c097800000,0x000000c097900000) (1024K)]
  0x000002bce24e1cf0 JavaThread "Signal Dispatcher"          daemon [_thread_blocked, id=12976, stack(0x000000c097900000,0x000000c097a00000) (1024K)]
  0x000002bce24e2950 JavaThread "Attach Listener"            daemon [_thread_blocked, id=19712, stack(0x000000c097a00000,0x000000c097b00000) (1024K)]
  0x000002bce24e54c0 JavaThread "Service Thread"             daemon [_thread_blocked, id=16928, stack(0x000000c097b00000,0x000000c097c00000) (1024K)]
  0x000002bce24e5f20 JavaThread "Monitor Deflation Thread"   daemon [_thread_blocked, id=20892, stack(0x000000c097c00000,0x000000c097d00000) (1024K)]
  0x000002bce24e6d60 JavaThread "C2 CompilerThread0"         daemon [_thread_blocked, id=12436, stack(0x000000c097d00000,0x000000c097e00000) (1024K)]
  0x000002bce255ae50 JavaThread "C1 CompilerThread0"         daemon [_thread_blocked, id=14252, stack(0x000000c097e00000,0x000000c097f00000) (1024K)]
  0x000002bcf9cc92d0 JavaThread "Common-Cleaner"             daemon [_thread_blocked, id=21820, stack(0x000000c097f00000,0x000000c098000000) (1024K)]
  0x000002bcf9deb030 JavaThread "Notification Thread"        daemon [_thread_blocked, id=5924, stack(0x000000c098000000,0x000000c098100000) (1024K)]
  0x000002bcfe73fe10 JavaThread "Active Thread: Equinox Container: afd2e952-4b12-4e8e-991c-74d4c5240d99"        [_thread_blocked, id=16516, stack(0x000000c098500000,0x000000c098600000) (1024K)]
=>0x000002bcfe780690 JavaThread "Refresh Thread: Equinox Container: afd2e952-4b12-4e8e-991c-74d4c5240d99" daemon [_thread_in_vm, id=17820, stack(0x000000c098100000,0x000000c098200000) (1024K)]
Total: 13

Other Threads:
  0x000002bce24ce930 VMThread "VM Thread"                           [id=9540, stack(0x000000c097600000,0x000000c097700000) (1024K)]
  0x000002bce2662380 WatcherThread "VM Periodic Task Thread"        [id=18132, stack(0x000000c097500000,0x000000c097600000) (1024K)]
  0x000002bce2615940 WorkerThread "GC Thread#0"                     [id=22336, stack(0x000000c097400000,0x000000c097500000) (1024K)]
  0x000002bcfe132c30 WorkerThread "GC Thread#1"                     [id=21324, stack(0x000000c098200000,0x000000c098300000) (1024K)]
  0x000002bcfe132880 WorkerThread "GC Thread#2"                     [id=16080, stack(0x000000c098300000,0x000000c098400000) (1024K)]
  0x000002bcfe132fe0 WorkerThread "GC Thread#3"                     [id=14504, stack(0x000000c098400000,0x000000c098500000) (1024K)]
Total: 6

Threads with active compile tasks:
Total: 0

VM state: not at safepoint (normal execution)

VM Mutex/Monitor currently owned by a thread:  ([mutex/lock_event])
[0x00007ff98781c4e0] Metaspace_lock - owner thread: 0x000002bcfe780690

Heap address: 0x0000000080000000, size: 2048 MB, Compressed Oops mode: 32-bit

CDS archive(s) mapped at: [0x000002bc80000000-0x000002bc80ba0000-0x000002bc80ba0000), size 12189696, SharedBaseAddress: 0x000002bc80000000, ArchiveRelocationMode: 1.
Compressed class space mapped at: 0x000002bc81000000-0x000002bcc1000000, reserved size: 1073741824
Narrow klass base: 0x000002bc80000000, Narrow klass shift: 0, Narrow klass range: 0x100000000

GC Precious Log:
 CardTable entry size: 512
 CPUs: 4 total, 4 available
 Memory: 8085M
 Large Page Support: Disabled
 NUMA Support: Disabled
 Compressed Oops: Enabled (32-bit)
 Alignments: Space 512K, Generation 512K, Heap 2M
 Heap Min Capacity: 100M
 Heap Initial Capacity: 100M
 Heap Max Capacity: 2G
 Pre-touch: Disabled
 Parallel Workers: 4

Heap:
 PSYoungGen      total 29696K, used 6659K [0x00000000d5580000, 0x00000000d7680000, 0x0000000100000000)
  eden space 25600K, 10% used [0x00000000d5580000,0x00000000d5807410,0x00000000d6e80000)
  from space 4096K, 99% used [0x00000000d7280000,0x00000000d7679820,0x00000000d7680000)
  to   space 4096K, 0% used [0x00000000d6e80000,0x00000000d6e80000,0x00000000d7280000)
 ParOldGen       total 68608K, used 2040K [0x0000000080000000, 0x0000000084300000, 0x00000000d5580000)
  object space 68608K, 2% used [0x0000000080000000,0x00000000801fe018,0x0000000084300000)
 Metaspace       used 8235K, committed 8448K, reserved 1114112K
  class space    used 859K, committed 960K, reserved 1048576K

Card table byte_map: [0x000002bce1fa0000,0x000002bce23b0000] _byte_map_base: 0x000002bce1ba0000

Marking Bits: (ParMarkBitMap*) 0x00007ff987823450
 Begin Bits: [0x000002bcf4ab0000, 0x000002bcf6ab0000)
 End Bits:   [0x000002bcf6ab0000, 0x000002bcf8ab0000)

Polling page: 0x000002bce0310000

Metaspace:

Usage:
  Non-class:      7.20 MB used.
      Class:    859.40 KB used.
       Both:      8.04 MB used.

Virtual space:
  Non-class space:       64.00 MB reserved,       7.31 MB ( 11%) committed,  1 nodes.
      Class space:        1.00 GB reserved,     960.00 KB ( <1%) committed,  1 nodes.
             Both:        1.06 GB reserved,       8.25 MB ( <1%) committed. 

Chunk freelists:
   Non-Class:  8.61 MB
       Class:  14.89 MB
        Both:  23.50 MB

MaxMetaspaceSize: unlimited
CompressedClassSpaceSize: 1.00 GB
Initial GC threshold: 21.00 MB
Current GC threshold: 21.00 MB
CDS: on
 - commit_granule_bytes: 65536.
 - commit_granule_words: 8192.
 - virtual_space_node_default_size: 8388608.
 - enlarge_chunks_in_place: 1.
 - use_allocation_guard: 0.


Internal statistics:

num_allocs_failed_limit: 0.
num_arena_births: 232.
num_arena_deaths: 0.
num_vsnodes_births: 2.
num_vsnodes_deaths: 0.
num_space_committed: 132.
num_space_uncommitted: 0.
num_chunks_returned_to_freelist: 0.
num_chunks_taken_from_freelist: 434.
num_chunk_merges: 0.
num_chunk_splits: 278.
num_chunks_enlarged: 186.
num_inconsistent_stats: 0.

CodeHeap 'non-profiled nmethods': size=120000Kb used=820Kb max_used=820Kb free=119179Kb
 bounds [0x000002bced2d0000, 0x000002bced540000, 0x000002bcf4800000]
CodeHeap 'profiled nmethods': size=120000Kb used=3416Kb max_used=3416Kb free=116583Kb
 bounds [0x000002bce5800000, 0x000002bce5b60000, 0x000002bcecd30000]
CodeHeap 'non-nmethods': size=5760Kb used=1215Kb max_used=1257Kb free=4544Kb
 bounds [0x000002bcecd30000, 0x000002bcecfa0000, 0x000002bced2d0000]
CodeCache: size=245760Kb, used=5451Kb, max_used=5493Kb, free=240306Kb
 total_blobs=2343, nmethods=1861, adapters=389, full_count=0
Compilation: enabled, stopped_count=0, restarted_count=0

Compilation events (20 events):
Event: 5.047 Thread 0x000002bce255ae50 1853       1       org.eclipse.osgi.container.ModuleWiring::getRequiredWires (5 bytes)
Event: 5.047 Thread 0x000002bce255ae50 nmethod 1853 0x000002bced39c390 code [0x000002bced39c520, 0x000002bced39c5e8]
Event: 5.061 Thread 0x000002bce255ae50 1854       3       java.lang.invoke.MethodHandleNatives::findMethodHandleType (7 bytes)
Event: 5.062 Thread 0x000002bce255ae50 nmethod 1854 0x000002bce5b50690 code [0x000002bce5b50840, 0x000002bce5b50960]
Event: 5.066 Thread 0x000002bce255ae50 1855       3       java.util.ArrayList$SubList::checkForComodification (23 bytes)
Event: 5.066 Thread 0x000002bce255ae50 nmethod 1855 0x000002bce5b50a10 code [0x000002bce5b50bc0, 0x000002bce5b50de8]
Event: 5.066 Thread 0x000002bce255ae50 1856       1       org.eclipse.osgi.container.ModuleRevision::getSymbolicName (5 bytes)
Event: 5.066 Thread 0x000002bce255ae50 nmethod 1856 0x000002bced39c690 code [0x000002bced39c820, 0x000002bced39c8e8]
Event: 5.069 Thread 0x000002bce255ae50 1857       3       java.lang.invoke.MemberName::changeReferenceKind (46 bytes)
Event: 5.069 Thread 0x000002bce255ae50 nmethod 1857 0x000002bce5b50f10 code [0x000002bce5b510a0, 0x000002bce5b511d0]
Event: 5.070 Thread 0x000002bce255ae50 1858       3       java.lang.invoke.MethodHandles$Lookup::in (283 bytes)
Event: 5.072 Thread 0x000002bce255ae50 nmethod 1858 0x000002bce5b51290 code [0x000002bce5b516a0, 0x000002bce5b52f70]
Event: 5.072 Thread 0x000002bce255ae50 1859       3       java.lang.ClassLoader::getPlatformClassLoader (21 bytes)
Event: 5.072 Thread 0x000002bce255ae50 nmethod 1859 0x000002bce5b53810 code [0x000002bce5b539e0, 0x000002bce5b53c70]
Event: 5.072 Thread 0x000002bce255ae50 1860       3       java.lang.ClassLoader::getBuiltinPlatformClassLoader (4 bytes)
Event: 5.072 Thread 0x000002bce255ae50 nmethod 1860 0x000002bce5b53d90 code [0x000002bce5b53f40, 0x000002bce5b54090]
Event: 5.078 Thread 0x000002bce255ae50 1861       3       java.net.URLStreamHandler::setURL (159 bytes)
Event: 5.079 Thread 0x000002bce24e6d60 1862       4       java.util.concurrent.ConcurrentHashMap::get (162 bytes)
Event: 5.080 Thread 0x000002bce255ae50 nmethod 1861 0x000002bce5b54110 code [0x000002bce5b544a0, 0x000002bce5b55910]
Event: 5.085 Thread 0x000002bce24e6d60 nmethod 1862 0x000002bced39c990 code [0x000002bced39cb40, 0x000002bced39ce70]

GC Heap History (4 events):
Event: 2.431 GC heap before
{Heap before GC invocations=1 (full 0):
 PSYoungGen      total 29696K, used 25600K [0x00000000d5580000, 0x00000000d7680000, 0x0000000100000000)
  eden space 25600K, 100% used [0x00000000d5580000,0x00000000d6e80000,0x00000000d6e80000)
  from space 4096K, 0% used [0x00000000d7280000,0x00000000d7280000,0x00000000d7680000)
  to   space 4096K, 0% used [0x00000000d6e80000,0x00000000d6e80000,0x00000000d7280000)
 ParOldGen       total 68608K, used 0K [0x0000000080000000, 0x0000000084300000, 0x00000000d5580000)
  object space 68608K, 0% used [0x0000000080000000,0x0000000080000000,0x0000000084300000)
 Metaspace       used 4366K, committed 4608K, reserved 1114112K
  class space    used 474K, committed 576K, reserved 1048576K
}
Event: 2.448 GC heap after
{Heap after GC invocations=1 (full 0):
 PSYoungGen      total 29696K, used 3303K [0x00000000d5580000, 0x00000000d7680000, 0x0000000100000000)
  eden space 25600K, 0% used [0x00000000d5580000,0x00000000d5580000,0x00000000d6e80000)
  from space 4096K, 80% used [0x00000000d6e80000,0x00000000d71b9e98,0x00000000d7280000)
  to   space 4096K, 0% used [0x00000000d7280000,0x00000000d7280000,0x00000000d7680000)
 ParOldGen       total 68608K, used 0K [0x0000000080000000, 0x0000000084300000, 0x00000000d5580000)
  object space 68608K, 0% used [0x0000000080000000,0x0000000080000000,0x0000000084300000)
 Metaspace       used 4366K, committed 4608K, reserved 1114112K
  class space    used 474K, committed 576K, reserved 1048576K
}
Event: 4.975 GC heap before
{Heap before GC invocations=2 (full 0):
 PSYoungGen      total 29696K, used 28903K [0x00000000d5580000, 0x00000000d7680000, 0x0000000100000000)
  eden space 25600K, 100% used [0x00000000d5580000,0x00000000d6e80000,0x00000000d6e80000)
  from space 4096K, 80% used [0x00000000d6e80000,0x00000000d71b9e98,0x00000000d7280000)
  to   space 4096K, 0% used [0x00000000d7280000,0x00000000d7280000,0x00000000d7680000)
 ParOldGen       total 68608K, used 0K [0x0000000080000000, 0x0000000084300000, 0x00000000d5580000)
  object space 68608K, 0% used [0x0000000080000000,0x0000000080000000,0x0000000084300000)
 Metaspace       used 7996K, committed 8320K, reserved 1114112K
  class space    used 831K, committed 960K, reserved 1048576K
}
Event: 4.983 GC heap after
{Heap after GC invocations=2 (full 0):
 PSYoungGen      total 29696K, used 4070K [0x00000000d5580000, 0x00000000d7680000, 0x0000000100000000)
  eden space 25600K, 0% used [0x00000000d5580000,0x00000000d5580000,0x00000000d6e80000)
  from space 4096K, 99% used [0x00000000d7280000,0x00000000d7679820,0x00000000d7680000)
  to   space 4096K, 0% used [0x00000000d6e80000,0x00000000d6e80000,0x00000000d7280000)
 ParOldGen       total 68608K, used 2040K [0x0000000080000000, 0x0000000084300000, 0x00000000d5580000)
  object space 68608K, 2% used [0x0000000080000000,0x00000000801fe018,0x0000000084300000)
 Metaspace       used 7996K, committed 8320K, reserved 1114112K
  class space    used 831K, committed 960K, reserved 1048576K
}

Dll operation events (9 events):
Event: 0.019 Loaded shared library c:\Users\Purva\.vscode\extensions\redhat.java-1.54.0-win32-x64\jre\21.0.10-win32-x86_64\bin\java.dll
Event: 0.233 Loaded shared library c:\Users\Purva\.vscode\extensions\redhat.java-1.54.0-win32-x64\jre\21.0.10-win32-x86_64\bin\zip.dll
Event: 0.299 Loaded shared library C:\Users\Purva\.vscode\extensions\redhat.java-1.54.0-win32-x64\jre\21.0.10-win32-x86_64\bin\instrument.dll
Event: 0.310 Loaded shared library C:\Users\Purva\.vscode\extensions\redhat.java-1.54.0-win32-x64\jre\21.0.10-win32-x86_64\bin\net.dll
Event: 0.313 Loaded shared library C:\Users\Purva\.vscode\extensions\redhat.java-1.54.0-win32-x64\jre\21.0.10-win32-x86_64\bin\nio.dll
Event: 0.318 Loaded shared library C:\Users\Purva\.vscode\extensions\redhat.java-1.54.0-win32-x64\jre\21.0.10-win32-x86_64\bin\zip.dll
Event: 0.402 Loaded shared library C:\Users\Purva\.vscode\extensions\redhat.java-1.54.0-win32-x64\jre\21.0.10-win32-x86_64\bin\jimage.dll
Event: 0.616 Loaded shared library c:\Users\Purva\.vscode\extensions\redhat.java-1.54.0-win32-x64\jre\21.0.10-win32-x86_64\bin\verify.dll
Event: 5.047 Loaded shared library C:\Users\Purva\AppData\Roaming\Code\User\globalStorage\redhat.java\1.54.0\config_win\org.eclipse.equinox.launcher\org.eclipse.equinox.launcher.win32.win32.x86_64_1.3.0.v20260203-2149\eclipse_11919.dll

Deoptimization events (20 events):
Event: 4.730 Thread 0x000002bce25f7c60 DEOPT PACKING pc=0x000002bce58fd886 sp=0x000000c0973fc730
Event: 4.730 Thread 0x000002bce25f7c60 DEOPT UNPACKING pc=0x000002bcecd84242 sp=0x000000c0973fbbb0 mode 0
Event: 4.733 Thread 0x000002bce25f7c60 DEOPT PACKING pc=0x000002bce58fd886 sp=0x000000c0973fc980
Event: 4.733 Thread 0x000002bce25f7c60 DEOPT UNPACKING pc=0x000002bcecd84242 sp=0x000000c0973fbe00 mode 0
Event: 4.852 Thread 0x000002bce25f7c60 DEOPT PACKING pc=0x000002bce58bb8b9 sp=0x000000c0973fed50
Event: 4.852 Thread 0x000002bce25f7c60 DEOPT UNPACKING pc=0x000002bcecd84242 sp=0x000000c0973fe250 mode 0
Event: 4.896 Thread 0x000002bce25f7c60 DEOPT PACKING pc=0x000002bce58bb8b9 sp=0x000000c0973fecd0
Event: 4.896 Thread 0x000002bce25f7c60 DEOPT UNPACKING pc=0x000002bcecd84242 sp=0x000000c0973fe1d0 mode 0
Event: 5.066 Thread 0x000002bcfe780690 Uncommon trap: trap_request=0xffffff45 fr.pc=0x000002bced36b400 relative=0x0000000000000500
Event: 5.066 Thread 0x000002bcfe780690 Uncommon trap: reason=unstable_if action=reinterpret pc=0x000002bced36b400 method=java.util.HashMap$HashIterator.<init>(Ljava/util/HashMap;)V @ 45 c2
Event: 5.066 Thread 0x000002bcfe780690 DEOPT PACKING pc=0x000002bced36b400 sp=0x000000c0981fef60
Event: 5.066 Thread 0x000002bcfe780690 DEOPT UNPACKING pc=0x000002bcecd83aa2 sp=0x000000c0981fedd0 mode 2
Event: 5.077 Thread 0x000002bcfe780690 Uncommon trap: trap_request=0xffffff45 fr.pc=0x000002bced305874 relative=0x00000000000002d4
Event: 5.077 Thread 0x000002bcfe780690 Uncommon trap: reason=unstable_if action=reinterpret pc=0x000002bced305874 method=java.util.HashMap$HashIterator.<init>(Ljava/util/HashMap;)V @ 45 c2
Event: 5.077 Thread 0x000002bcfe780690 DEOPT PACKING pc=0x000002bced305874 sp=0x000000c0981fee00
Event: 5.078 Thread 0x000002bcfe780690 DEOPT UNPACKING pc=0x000002bcecd83aa2 sp=0x000000c0981fed98 mode 2
Event: 5.080 Thread 0x000002bcfe780690 Uncommon trap: trap_request=0xffffff45 fr.pc=0x000002bced353860 relative=0x0000000000000040
Event: 5.080 Thread 0x000002bcfe780690 Uncommon trap: reason=unstable_if action=reinterpret pc=0x000002bced353860 method=java.util.concurrent.locks.AbstractQueuedSynchronizer.signalNext(Ljava/util/concurrent/locks/AbstractQueuedSynchronizer$Node;)V @ 1 c2
Event: 5.080 Thread 0x000002bcfe780690 DEOPT PACKING pc=0x000002bced353860 sp=0x000000c0981fe9c0
Event: 5.080 Thread 0x000002bcfe780690 DEOPT UNPACKING pc=0x000002bcecd83aa2 sp=0x000000c0981fe950 mode 2

Classes loaded (20 events):
Event: 4.801 Loading class sun/nio/fs/WindowsChannelFactory
Event: 4.801 Loading class sun/nio/fs/WindowsChannelFactory done
Event: 4.801 Loading class sun/nio/fs/WindowsChannelFactory$1
Event: 4.801 Loading class sun/nio/fs/WindowsChannelFactory$1 done
Event: 4.802 Loading class sun/nio/fs/WindowsChannelFactory$Flags
Event: 4.802 Loading class sun/nio/fs/WindowsChannelFactory$Flags done
Event: 4.802 Loading class sun/nio/ch/FileChannelImpl$Closer
Event: 4.802 Loading class sun/nio/ch/FileChannelImpl$Closer done
Event: 5.047 Loading class java/util/concurrent/locks/AbstractQueuedSynchronizer$SharedNode
Event: 5.048 Loading class java/util/concurrent/locks/AbstractQueuedSynchronizer$SharedNode done
Event: 5.059 Loading class java/util/concurrent/RejectedExecutionException
Event: 5.059 Loading class java/util/concurrent/RejectedExecutionException done
Event: 5.069 Loading class java/util/Collections$ReverseComparator
Event: 5.069 Loading class java/util/Collections$ReverseComparator done
Event: 5.069 Loading class java/util/Comparators$NaturalOrderComparator
Event: 5.069 Loading class java/util/Comparators$NaturalOrderComparator done
Event: 5.069 Loading class java/util/Collections$ReverseComparator2
Event: 5.069 Loading class java/util/Collections$ReverseComparator2 done
Event: 5.079 Loading class java/util/concurrent/CancellationException
Event: 5.079 Loading class java/util/concurrent/CancellationException done

Classes unloaded (0 events):
No events

Classes redefined (0 events):
No events

Internal exceptions (20 events):
Event: 1.872 Thread 0x000002bce25f7c60 Exception <a 'java/lang/NoSuchMethodError'{0x00000000d65fe160}: 'java.lang.Object java.lang.invoke.DirectMethodHandle$Holder.invokeInterface(java.lang.Object, java.lang.Object, int)'> (0x00000000d65fe160) 
thrown [s\src\hotspot\share\interpreter\linkResolver.cpp, line 773]
Event: 2.288 Thread 0x000002bce25f7c60 Exception <a 'java/lang/NoSuchMethodError'{0x00000000d6a66b38}: 'java.lang.ClassLoader java.lang.ClassLoader.getPlatformClassLoader(java.lang.Class)'> (0x00000000d6a66b38) 
thrown [s\src\hotspot\share\interpreter\linkResolver.cpp, line 773]
Event: 2.453 Thread 0x000002bce25f7c60 Exception <a 'java/lang/ClassNotFoundException'{0x00000000d5588528}: sun/net/www/protocol/c/Handler> (0x00000000d5588528) 
thrown [s\src\hotspot\share\classfile\systemDictionary.cpp, line 312]
Event: 2.453 Thread 0x000002bce25f7c60 Exception <a 'java/lang/ClassNotFoundException'{0x00000000d55898d0}: sun/net/www/protocol/c/Handler> (0x00000000d55898d0) 
thrown [s\src\hotspot\share\classfile\systemDictionary.cpp, line 312]
Event: 2.454 Thread 0x000002bce25f7c60 Exception <a 'java/lang/ClassNotFoundException'{0x00000000d558aad8}: sun/net/www/protocol/c/Handler> (0x00000000d558aad8) 
thrown [s\src\hotspot\share\classfile\systemDictionary.cpp, line 312]
Event: 2.471 Thread 0x000002bce25f7c60 Exception <a 'java/io/FileNotFoundException'{0x00000000d55bc7a0}> (0x00000000d55bc7a0) 
thrown [s\src\hotspot\share\prims\jni.cpp, line 520]
Event: 2.606 Thread 0x000002bce25f7c60 Implicit null exception at 0x000002bced32c766 to 0x000002bced32c812
Event: 2.607 Thread 0x000002bce25f7c60 Implicit null exception at 0x000002bced33951a to 0x000002bced33973c
Event: 2.607 Thread 0x000002bce25f7c60 Exception <a 'java/lang/NoSuchMethodError'{0x00000000d56ee110}: 'void java.lang.invoke.DirectMethodHandle$Holder.invokeStatic(java.lang.Object, java.lang.Object, java.lang.Object, java.lang.Object)'> (0x00000000d56ee110) 
thrown [s\src\hotspot\share\interpreter\linkResolver.cpp, line 773]
Event: 2.609 Thread 0x000002bce25f7c60 Implicit null exception at 0x000002bced32e840 to 0x000002bced32eb14
Event: 3.397 Thread 0x000002bce25f7c60 Exception <a 'java/lang/NoSuchMethodError'{0x00000000d59d5880}: 'void java.lang.invoke.DirectMethodHandle$Holder.invokeSpecial(java.lang.Object, java.lang.Object, java.lang.Object)'> (0x00000000d59d5880) 
thrown [s\src\hotspot\share\interpreter\linkResolver.cpp, line 773]
Event: 4.268 Thread 0x000002bce25f7c60 Exception <a 'java/lang/NoSuchMethodError'{0x00000000d6462510}: 'int java.lang.invoke.DirectMethodHandle$Holder.invokeVirtual(java.lang.Object, java.lang.Object)'> (0x00000000d6462510) 
thrown [s\src\hotspot\share\interpreter\linkResolver.cpp, line 773]
Event: 4.369 Thread 0x000002bce25f7c60 Exception <a 'java/lang/NoSuchMethodError'{0x00000000d65e7f08}: 'int java.lang.invoke.DirectMethodHandle$Holder.invokeStaticInit(java.lang.Object, java.lang.Object, java.lang.Object, java.lang.Object)'> (0x00000000d65e7f08) 
thrown [s\src\hotspot\share\interpreter\linkResolver.cpp, line 773]
Event: 4.372 Thread 0x000002bce25f7c60 Exception <a 'java/lang/IncompatibleClassChangeError'{0x00000000d65f0310}: Found class java.lang.Object, but interface was expected> (0x00000000d65f0310) 
thrown [s\src\hotspot\share\interpreter\linkResolver.cpp, line 840]
Event: 4.373 Thread 0x000002bce25f7c60 Exception <a 'java/lang/NoSuchMethodError'{0x00000000d65f71e0}: 'void java.lang.invoke.DirectMethodHandle$Holder.invokeStaticInit(java.lang.Object, java.lang.Object)'> (0x00000000d65f71e0) 
thrown [s\src\hotspot\share\interpreter\linkResolver.cpp, line 773]
Event: 4.377 Thread 0x000002bce25f7c60 Exception <a 'java/lang/NoSuchMethodError'{0x00000000d6600cb8}: 'int java.lang.invoke.DirectMethodHandle$Holder.invokeStaticInit(java.lang.Object, java.lang.Object)'> (0x00000000d6600cb8) 
thrown [s\src\hotspot\share\interpreter\linkResolver.cpp, line 773]
Event: 4.504 Thread 0x000002bce25f7c60 Exception <a 'java/lang/NoSuchMethodError'{0x00000000d6863498}: 'java.lang.Object java.lang.invoke.DirectMethodHandle$Holder.newInvokeSpecial(java.lang.Object, int, java.lang.Object)'> (0x00000000d6863498) 
thrown [s\src\hotspot\share\interpreter\linkResolver.cpp, line 773]
Event: 4.686 Thread 0x000002bce25f7c60 Exception <a 'java/lang/ClassNotFoundException'{0x00000000d6a7bff0}: sun/net/www/protocol/plurl/Handler> (0x00000000d6a7bff0) 
thrown [s\src\hotspot\share\classfile\systemDictionary.cpp, line 312]
Event: 4.686 Thread 0x000002bce25f7c60 Exception <a 'java/lang/ClassNotFoundException'{0x00000000d6a7ce70}: sun/net/www/protocol/plurl/Handler> (0x00000000d6a7ce70) 
thrown [s\src\hotspot\share\classfile\systemDictionary.cpp, line 312]
Event: 5.039 Thread 0x000002bce25f7c60 Exception <a 'java/lang/UnsatisfiedLinkError'{0x00000000d5646af8}: 'void org.eclipse.equinox.launcher.JNIBridge._update_splash()'> (0x00000000d5646af8) 
thrown [s\src\hotspot\share\prims\nativeLookup.cpp, line 415]

ZGC Phase Switch (0 events):
No events

VM Operations (20 events):
Event: 1.668 Executing non-safepoint VM operation: HandshakeAllThreads (Deoptimize)
Event: 1.668 Executing non-safepoint VM operation: HandshakeAllThreads (Deoptimize) done
Event: 2.403 Executing non-safepoint VM operation: HandshakeAllThreads (Deoptimize)
Event: 2.403 Executing non-safepoint VM operation: HandshakeAllThreads (Deoptimize) done
Event: 2.431 Executing safepoint VM operation: ParallelGCFailedAllocation (Allocation Failure)
Event: 2.448 Executing safepoint VM operation: ParallelGCFailedAllocation (Allocation Failure) done
Event: 3.460 Executing safepoint VM operation: Cleanup
Event: 3.476 Executing safepoint VM operation: Cleanup done
Event: 4.449 Executing non-safepoint VM operation: HandshakeAllThreads (Deoptimize)
Event: 4.472 Executing non-safepoint VM operation: HandshakeAllThreads (Deoptimize) done
Event: 4.484 Executing non-safepoint VM operation: HandshakeAllThreads (Deoptimize)
Event: 4.484 Executing non-safepoint VM operation: HandshakeAllThreads (Deoptimize) done
Event: 4.484 Executing safepoint VM operation: Cleanup
Event: 4.484 Executing safepoint VM operation: Cleanup done
Event: 4.658 Executing non-safepoint VM operation: HandshakeAllThreads (Deoptimize)
Event: 4.659 Executing non-safepoint VM operation: HandshakeAllThreads (Deoptimize) done
Event: 4.682 Executing non-safepoint VM operation: HandshakeAllThreads (Deoptimize)
Event: 4.682 Executing non-safepoint VM operation: HandshakeAllThreads (Deoptimize) done
Event: 4.975 Executing safepoint VM operation: ParallelGCFailedAllocation (Allocation Failure)
Event: 4.983 Executing safepoint VM operation: ParallelGCFailedAllocation (Allocation Failure) done

Memory protections (0 events):
No events

Nmethod flushes (0 events):
No events

Events (20 events):
Event: 0.093 Thread 0x000002bce25f7c60 Thread added: 0x000002bce24dda30
Event: 0.093 Thread 0x000002bce25f7c60 Thread added: 0x000002bce24df080
Event: 0.093 Thread 0x000002bce25f7c60 Thread added: 0x000002bce24e1cf0
Event: 0.093 Thread 0x000002bce25f7c60 Thread added: 0x000002bce24e2950
Event: 0.093 Thread 0x000002bce25f7c60 Thread added: 0x000002bce24e54c0
Event: 0.093 Thread 0x000002bce25f7c60 Thread added: 0x000002bce24e5f20
Event: 0.093 Thread 0x000002bce25f7c60 Thread added: 0x000002bce24e6d60
Event: 0.117 Thread 0x000002bce25f7c60 Thread added: 0x000002bce255ae50
Event: 0.302 Thread 0x000002bce25f7c60 Thread added: 0x000002bcf9cc92d0
Event: 0.613 Thread 0x000002bce255ae50 Thread added: 0x000002bcf9d90f60
Event: 0.933 Thread 0x000002bcf9d90f60 Thread exited: 0x000002bcf9d90f60
Event: 1.099 Thread 0x000002bce25f7c60 Thread added: 0x000002bcf9deb030
Event: 1.662 Thread 0x000002bce255ae50 Thread added: 0x000002bcfe0df340
Event: 2.581 Thread 0x000002bcfe0df340 Thread exited: 0x000002bcfe0df340
Event: 3.664 Thread 0x000002bce255ae50 Thread added: 0x000002bcfe520770
Event: 3.876 Thread 0x000002bcfe520770 Thread exited: 0x000002bcfe520770
Event: 4.153 Thread 0x000002bce255ae50 Thread added: 0x000002bcfe1e8ad0
Event: 4.403 Thread 0x000002bce25f7c60 Thread added: 0x000002bcfe73fe10
Event: 4.624 Thread 0x000002bcfe1e8ad0 Thread exited: 0x000002bcfe1e8ad0
Event: 5.036 Thread 0x000002bce25f7c60 Thread added: 0x000002bcfe780690


Dynamic libraries:
0x00007ff6a2350000 - 0x00007ff6a235e000 	c:\Users\Purva\.vscode\extensions\redhat.java-1.54.0-win32-x64\jre\21.0.10-win32-x86_64\bin\java.exe
0x00007ff9d18b0000 - 0x00007ff9d1aa8000 	C:\WINDOWS\SYSTEM32\ntdll.dll
0x00007ff9d0100000 - 0x00007ff9d01c2000 	C:\WINDOWS\System32\KERNEL32.DLL
0x00007ff9cf5d0000 - 0x00007ff9cf8c6000 	C:\WINDOWS\System32\KERNELBASE.dll
0x00007ff9cef40000 - 0x00007ff9cf040000 	C:\WINDOWS\System32\ucrtbase.dll
0x00007ff9ca770000 - 0x00007ff9ca788000 	c:\Users\Purva\.vscode\extensions\redhat.java-1.54.0-win32-x64\jre\21.0.10-win32-x86_64\bin\jli.dll
0x00007ff9cfd60000 - 0x00007ff9cff01000 	C:\WINDOWS\System32\USER32.dll
0x00007ff9cf040000 - 0x00007ff9cf062000 	C:\WINDOWS\System32\win32u.dll
0x00007ff9d17d0000 - 0x00007ff9d17fb000 	C:\WINDOWS\System32\GDI32.dll
0x00007ff9cf1a0000 - 0x00007ff9cf2b9000 	C:\WINDOWS\System32\gdi32full.dll
0x00007ff9cf100000 - 0x00007ff9cf19d000 	C:\WINDOWS\System32\msvcp_win.dll
0x00007ff9bc100000 - 0x00007ff9bc11e000 	c:\Users\Purva\.vscode\extensions\redhat.java-1.54.0-win32-x64\jre\21.0.10-win32-x86_64\bin\VCRUNTIME140.dll
0x00007ff9b9d90000 - 0x00007ff9ba02b000 	C:\WINDOWS\WinSxS\amd64_microsoft.windows.common-controls_6595b64144ccf1df_6.0.19041.6456_none_60b8a6cb71f64256\COMCTL32.dll
0x00007ff9cf8e0000 - 0x00007ff9cf97e000 	C:\WINDOWS\System32\msvcrt.dll
0x00007ff9cfd30000 - 0x00007ff9cfd5f000 	C:\WINDOWS\System32\IMM32.DLL
0x00007ff9ca760000 - 0x00007ff9ca76c000 	c:\Users\Purva\.vscode\extensions\redhat.java-1.54.0-win32-x64\jre\21.0.10-win32-x86_64\bin\vcruntime140_1.dll
0x00007ff9a2b80000 - 0x00007ff9a2c0d000 	c:\Users\Purva\.vscode\extensions\redhat.java-1.54.0-win32-x64\jre\21.0.10-win32-x86_64\bin\msvcp140.dll
0x00007ff986b60000 - 0x00007ff987901000 	c:\Users\Purva\.vscode\extensions\redhat.java-1.54.0-win32-x64\jre\21.0.10-win32-x86_64\bin\server\jvm.dll
0x00007ff9d1260000 - 0x00007ff9d1311000 	C:\WINDOWS\System32\ADVAPI32.dll
0x00007ff9d1320000 - 0x00007ff9d13bf000 	C:\WINDOWS\System32\sechost.dll
0x00007ff9cff10000 - 0x00007ff9d0030000 	C:\WINDOWS\System32\RPCRT4.dll
0x00007ff9cf4f0000 - 0x00007ff9cf517000 	C:\WINDOWS\System32\bcrypt.dll
0x00007ff9d1800000 - 0x00007ff9d186b000 	C:\WINDOWS\System32\WS2_32.dll
0x00007ff9ceda0000 - 0x00007ff9cedeb000 	C:\WINDOWS\SYSTEM32\POWRPROF.dll
0x00007ff9b50b0000 - 0x00007ff9b50d7000 	C:\WINDOWS\SYSTEM32\WINMM.dll
0x00007ff9c9e20000 - 0x00007ff9c9e2a000 	C:\WINDOWS\SYSTEM32\VERSION.dll
0x00007ff9cecd0000 - 0x00007ff9cece2000 	C:\WINDOWS\SYSTEM32\UMPDC.dll
0x00007ff9ccd70000 - 0x00007ff9ccd82000 	C:\WINDOWS\SYSTEM32\kernel.appcore.dll
0x00007ff9ca700000 - 0x00007ff9ca70a000 	c:\Users\Purva\.vscode\extensions\redhat.java-1.54.0-win32-x64\jre\21.0.10-win32-x86_64\bin\jimage.dll
0x00007ff9c4e10000 - 0x00007ff9c5011000 	C:\WINDOWS\SYSTEM32\DBGHELP.DLL
0x00007ff9b8320000 - 0x00007ff9b8354000 	C:\WINDOWS\SYSTEM32\dbgcore.DLL
0x00007ff9cf070000 - 0x00007ff9cf0f2000 	C:\WINDOWS\System32\bcryptPrimitives.dll
0x00007ff9ca710000 - 0x00007ff9ca71f000 	c:\Users\Purva\.vscode\extensions\redhat.java-1.54.0-win32-x64\jre\21.0.10-win32-x86_64\bin\instrument.dll
0x00007ff9b9c10000 - 0x00007ff9b9c30000 	c:\Users\Purva\.vscode\extensions\redhat.java-1.54.0-win32-x64\jre\21.0.10-win32-x86_64\bin\java.dll
0x00007ff9d02b0000 - 0x00007ff9d0a20000 	C:\WINDOWS\System32\SHELL32.dll
0x00007ff9ccf70000 - 0x00007ff9cd715000 	C:\WINDOWS\SYSTEM32\windows.storage.dll
0x00007ff9d13c0000 - 0x00007ff9d1714000 	C:\WINDOWS\System32\combase.dll
0x00007ff9ce7b0000 - 0x00007ff9ce7db000 	C:\WINDOWS\SYSTEM32\Wldp.dll
0x00007ff9d0a20000 - 0x00007ff9d0aed000 	C:\WINDOWS\System32\OLEAUT32.dll
0x00007ff9d0050000 - 0x00007ff9d00fd000 	C:\WINDOWS\System32\SHCORE.dll
0x00007ff9d10d0000 - 0x00007ff9d112b000 	C:\WINDOWS\System32\shlwapi.dll
0x00007ff9cee70000 - 0x00007ff9cee94000 	C:\WINDOWS\SYSTEM32\profapi.dll
0x00007ff9b9870000 - 0x00007ff9b9888000 	c:\Users\Purva\.vscode\extensions\redhat.java-1.54.0-win32-x64\jre\21.0.10-win32-x86_64\bin\zip.dll
0x00007ff9c4c30000 - 0x00007ff9c4c40000 	C:\Users\Purva\.vscode\extensions\redhat.java-1.54.0-win32-x64\jre\21.0.10-win32-x86_64\bin\net.dll
0x00007ff9c19b0000 - 0x00007ff9c1aba000 	C:\WINDOWS\SYSTEM32\WINHTTP.dll
0x00007ff9ce590000 - 0x00007ff9ce5fa000 	C:\WINDOWS\system32\mswsock.dll
0x00007ff9b95e0000 - 0x00007ff9b95f6000 	C:\Users\Purva\.vscode\extensions\redhat.java-1.54.0-win32-x64\jre\21.0.10-win32-x86_64\bin\nio.dll
0x00007ff9c9e70000 - 0x00007ff9c9e80000 	c:\Users\Purva\.vscode\extensions\redhat.java-1.54.0-win32-x64\jre\21.0.10-win32-x86_64\bin\verify.dll
0x00007ff995550000 - 0x00007ff995595000 	C:\Users\Purva\AppData\Roaming\Code\User\globalStorage\redhat.java\1.54.0\config_win\org.eclipse.equinox.launcher\org.eclipse.equinox.launcher.win32.win32.x86_64_1.3.0.v20260203-2149\eclipse_11919.dll
0x00007ff9cf980000 - 0x00007ff9cfaab000 	C:\WINDOWS\System32\ole32.dll

JVMTI agents:
c:\Users\Purva\.vscode\extensions\redhat.java-1.54.0-win32-x64\lombok\lombok-1.18.39-4050.jar path:c:\Users\Purva\.vscode\extensions\redhat.java-1.54.0-win32-x64\jre\21.0.10-win32-x86_64\bin\instrument.dll, loaded, initialized, instrumentlib options:none

dbghelp: loaded successfully - version: 4.0.5 - missing functions: none
symbol engine: initialized successfully - sym options: 0x614 - pdb path: .;c:\Users\Purva\.vscode\extensions\redhat.java-1.54.0-win32-x64\jre\21.0.10-win32-x86_64\bin;C:\WINDOWS\SYSTEM32;C:\WINDOWS\WinSxS\amd64_microsoft.windows.common-controls_6595b64144ccf1df_6.0.19041.6456_none_60b8a6cb71f64256;c:\Users\Purva\.vscode\extensions\redhat.java-1.54.0-win32-x64\jre\21.0.10-win32-x86_64\bin\server;C:\Users\Purva\AppData\Roaming\Code\User\globalStorage\redhat.java\1.54.0\config_win\org.eclipse.equinox.launcher\org.eclipse.equinox.launcher.win32.win32.x86_64_1.3.0.v20260203-2149

VM Arguments:
jvm_args: --add-modules=ALL-SYSTEM --add-opens=java.base/java.util=ALL-UNNAMED --add-opens=java.base/java.lang=ALL-UNNAMED --add-opens=java.base/sun.nio.fs=ALL-UNNAMED -Declipse.application=org.eclipse.jdt.ls.core.id1 -Dosgi.bundles.defaultStartLevel=4 -Declipse.product=org.eclipse.jdt.ls.core.product -Djava.import.generatesMetadataFilesAtProjectRoot=false -DDetectVMInstallationsJob.disabled=true -Dfile.encoding=utf8 -XX:+UseParallelGC -XX:GCTimeRatio=4 -XX:AdaptiveSizePolicyWeight=90 -Dsun.zip.disableMemoryMapping=true -Xmx2G -Xms100m -Xlog:disable -javaagent:c:\Users\Purva\.vscode\extensions\redhat.java-1.54.0-win32-x64\lombok\lombok-1.18.39-4050.jar -XX:+HeapDumpOnOutOfMemoryError -XX:HeapDumpPath=c:\Users\Purva\AppData\Roaming\Code\User\workspaceStorage\3365d4dc88d67bdd00b2d8a6de014e21\redhat.java -Daether.dependencyCollector.impl=bf 
java_command: c:\Users\Purva\.vscode\extensions\redhat.java-1.54.0-win32-x64\server\plugins\org.eclipse.equinox.launcher_1.7.100.v20251111-0406.jar -configuration c:\Users\Purva\AppData\Roaming\Code\User\globalStorage\redhat.java\1.54.0\config_win -data c:\Users\Purva\AppData\Roaming\Code\User\workspaceStorage\3365d4dc88d67bdd00b2d8a6de014e21\redhat.java\jdt_ws --pipe=\\.\pipe\lsp-1b7a8ba3f971b7731033e3fab4774dde-sock
java_class_path (initial): c:\Users\Purva\.vscode\extensions\redhat.java-1.54.0-win32-x64\server\plugins\org.eclipse.equinox.launcher_1.7.100.v20251111-0406.jar
Launcher Type: SUN_STANDARD

[Global flags]
    uintx AdaptiveSizePolicyWeight                 = 90                                        {product} {command line}
     intx CICompilerCount                          = 3                                         {product} {ergonomic}
    uintx GCTimeRatio                              = 4                                         {product} {command line}
     bool HeapDumpOnOutOfMemoryError               = true                                   {manageable} {command line}
    ccstr HeapDumpPath                             = c:\Users\Purva\AppData\Roaming\Code\User\workspaceStorage\3365d4dc88d67bdd00b2d8a6de014e21\redhat.java         {manageable} {command line}
   size_t InitialHeapSize                          = 104857600                                 {product} {command line}
   size_t MaxHeapSize                              = 2147483648                                {product} {command line}
   size_t MaxNewSize                               = 715653120                                 {product} {ergonomic}
   size_t MinHeapDeltaBytes                        = 524288                                    {product} {ergonomic}
   size_t MinHeapSize                              = 104857600                                 {product} {command line}
   size_t NewSize                                  = 34603008                                  {product} {ergonomic}
    uintx NonNMethodCodeHeapSize                   = 5832780                                {pd product} {ergonomic}
    uintx NonProfiledCodeHeapSize                  = 122912730                              {pd product} {ergonomic}
   size_t OldSize                                  = 70254592                                  {product} {ergonomic}
    uintx ProfiledCodeHeapSize                     = 122912730                              {pd product} {ergonomic}
    uintx ReservedCodeCacheSize                    = 251658240                              {pd product} {ergonomic}
     bool SegmentedCodeCache                       = true                                      {product} {ergonomic}
   size_t SoftMaxHeapSize                          = 2147483648                             {manageable} {ergonomic}
     bool UseCompressedOops                        = true                           {product lp64_product} {ergonomic}
     bool UseLargePagesIndividualAllocation        = false                                  {pd product} {ergonomic}
     bool UseParallelGC                            = true                                      {product} {command line}

Logging:
Log output configuration:
 #0: stdout all=off uptime,level,tags foldmultilines=false
 #1: stderr all=off uptime,level,tags foldmultilines=false

Release file:
JAVA_VERSION="21.0.10" 
MODULES="java.base java.compiler java.datatransfer java.xml java.prefs java.desktop java.instrument java.logging java.management java.security.sasl java.naming java.rmi java.management.rmi java.net.http java.scripting java.security.jgss java.transaction.xa java.sql java.sql.rowset java.xml.crypto java.se java.smartcardio jdk.accessibility jdk.internal.jvmstat jdk.attach jdk.charsets jdk.internal.opt jdk.zipfs jdk.compiler jdk.crypto.ec jdk.crypto.cryptoki jdk.crypto.mscapi jdk.dynalink jdk.internal.ed jdk.editpad jdk.hotspot.agent jdk.httpserver jdk.internal.le jdk.internal.vm.ci jdk.internal.vm.compiler jdk.internal.vm.compiler.management jdk.jartool jdk.javadoc jdk.jcmd jdk.management jdk.management.agent jdk.jconsole jdk.jdeps jdk.jdwp.agent jdk.jdi jdk.jfr jdk.jshell jdk.jsobject jdk.jstatd jdk.localedata jdk.management.jfr jdk.naming.dns jdk.naming.rmi jdk.net jdk.nio.mapmode jdk.random jdk.sctp jdk.security.auth jdk.security.jgss jdk.unsupported jdk.unsupported.desktop jdk.xml.dom" 

Environment Variables:
JAVA_HOME=C:\Program Files\Java\jdk1.8.0_131
PATH=C:\Users\Purva\AppData\Local\Programs\Microsoft VS Code;C:\Program Files (x86)\Common Files\Oracle\Java\java8path;C:\Program Files (x86)\Common Files\Oracle\Java\javapath;C:\xampp\php;C:\Program Files\Java\jdk1.8.0_131\bin;C:\Users\Purva\AppData\Local\Programs\Python\Python312\Scripts\;C:\Users\Purva\AppData\Local\Programs\Python\Python312\;C:\WINDOWS\system32;C:\WINDOWS;C:\WINDOWS\System32\Wbem;C:\WINDOWS\System32\WindowsPowerShell\v1.0\;C:\WINDOWS\System32\OpenSSH\;C:\Program Files\MySQL\MySQL Server 5.5\bin;C:\Program Files\nodejs\;C:\ProgramData\chocolatey\bin;C:\Program Files\Cloudflare\Cloudflare WARP\;C:\Users\Purva\Downloads\opencv\build\bin;C:\Users\Purva\AppData\Local\Programs\Python\Python312\;C:\Program Files\dotnet\;C:\Program Files\Git\cmd;;C:\Program Files\Docker\Docker\resources\bin;C:\Users\Purva\AppData\Local\Programs\Python\Python311\Scripts\;C:\Users\Purva\AppData\Local\Programs\Python\Python311\;C:\Users\Purva\AppData\Local\Programs\Python\Launcher\;C:\Users\Purva\AppData\Local\Microsoft\WindowsApps;C:\Users\Purva\AppData\Local\Programs\Microsoft VS Code\bin;C:\Users\Purva\AppData\Local\Microsoft\WinGet\Packages\Schniz.fnm_Microsoft.Winget.Source_8wekyb3d8bbwe;C:\Users\Purva\AppData\Roaming\npm;C:\Users\Purva\AppData\Local\Muse Hub\lib;C:\Users\Purva\AppData\Local\GitHubDesktop\bin
USERNAME=Purva
OS=Windows_NT
PROCESSOR_IDENTIFIER=Intel64 Family 6 Model 142 Stepping 9, GenuineIntel
TMP=C:\Users\Purva\AppData\Local\Temp
TEMP=C:\Users\Purva\AppData\Local\Temp




Periodic native trim disabled

---------------  S Y S T E M  ---------------

OS:
 Windows 10 , 64 bit Build 19041 (10.0.19041.5915)
OS uptime: 8 days 3:00 hours
Hyper-V role detected

CPU: total 4 (initial active 4) (2 cores per cpu, 2 threads per core) family 6 model 142 stepping 9 microcode 0xde, cx8, cmov, fxsr, ht, mmx, 3dnowpref, sse, sse2, sse3, ssse3, sse4.1, sse4.2, popcnt, lzcnt, tsc, tscinvbit, avx, avx2, aes, erms, clmul, bmi1, bmi2, adx, fma, vzeroupper, clflush, clflushopt, hv, rdtscp, f16c
Processor Information for the first 4 processors :
  Max Mhz: 2904, Current Mhz: 2703, Mhz Limit: 2700

Memory: 4k page, system-wide physical 8085M (743M free)
TotalPageFile size 20584M (AvailPageFile size 2M)
current process WorkingSet (physical memory assigned to process): 93M, peak: 93M
current process commit charge ("private bytes"): 227M, peak: 227M

vm_info: OpenJDK 64-Bit Server VM (21.0.10+7-LTS) for windows-amd64 JRE (21.0.10+7-LTS), built on 2026-01-20T00:00:00Z by "admin" with MS VC++ 17.12 (VS2022)

END.
